TIMESTAMP;CPU;RAM;GPU;FREQ0;FREQ1;FREQ2;FREQ3;FREQ4;FREQ5;FREQ6;FREQ7;FREQ8;FREQ9;FREQ10;FREQ11
1695035740.452855;3.17133;0.350876;0;3716134;3532176;3654202;2956942;2797840;3789727;3800084;2269672;3397196;3334484;3777096;2869563
1695035741.350495;38.8817;5.19412;0;3371830;3337611;2952530;3257142;3737027;2802866;3246555;3376184;3573770;3264051;3541349;2879014
1695035742.349682;72.3595;9.95276;0;2110716;2816686;3543093;2798229;2631993;2652426;3444253;2970725;3005044;2595063;2507984;2106117
1695035743.580937;113.828;14.9842;0;1878212;3333232;1401652;3817776;1231613;1702651;1201424;3135974;1200049;3800692;2858979;2326525
1695035744.354572;144.461;19.6039;0;2486129;3315796;2380007;3426756;1328169;2732189;2780066;3014863;2520756;2759830;2367513;2544326
1695035745.346038;183.51;24.7985;0;2756247;3390549;2937801;3578421;3068982;2532577;2639500;3047530;3236871;3757303;3064208;3059907
1695035746.345220;226.272;29.7976;0;3311334;3203360;3213439;2830339;3278498;3153784;3409812;3405803;3562298;3214564;3523030;3444247
1695035747.344593;252.894;34.4392;0;1604902;3113274;1364861;1466468;1763654;2143207;1403416;1662998;1770632;1674284;1388635;1554453
1695035748.343434;276.715;39.0251;0;1505649;1576537;1621693;1205395;1245917;1309197;1474767;1629729;1992556;1230586;1257271;1259404
1695035749.342703;303.491;43.9583;0;1487357;1832892;2877792;1389008;1323979;1578466;1776129;1368555;1911235;2137757;1521595;1715936
1695035750.341678;338.371;49.1045;0;1588542;3179760;2664415;1721602;1817772;1919495;1582485;1887672;1726882;1735751;1781598;1850448
1695035751.340816;361.902;53.6108;0;1801350;1810819;2195372;2140844;2297026;1749120;3154651;1984768;2414075;2307537;1608519;1668605
1695035752.552845;408.722;58.8209;0;3800000;3800000;3799972;3800025;3800000;3653092;3800004;3799971;3800141;3717356;3799409;3788087
1695035753.354704;470.719;64.416;0;3721678;3775188;3785948;3699946;3764602;3702535;3471470;3668494;3774308;3689793;3721588;3785569
1695035754.338465;521.253;69.768;0;2902429;3268797;3684611;3762873;3679974;3529509;3214048;3544849;3493192;3706797;3645432;3774762
1695035755.337724;537.956;73.3148;0;1361149;1317359;1276242;1286288;1362631;1261223;1344808;1284857;1326914;1297846;1534368;1634877
1695035756.336895;555.743;77.2763;0;1232284;1299297;1351474;1339518;1262969;1324516;1352155;1950621;1410762;1629647;1324423;1607258
1695035757.335572;573.447;81.3374;0;1228885;1302536;1269061;1242536;1261753;1257393;1220114;1607549;1253104;1287505;1358598;1498058
1695035758.334881;591.167;85.4096;0;1453771;1268881;1332078;1304221;1240622;1270113;1405409;1227688;1662922;1339546;1235260;1295392
1695035759.334052;614.113;89.7645;0;2349240;3207010;1886629;1625333;1804442;1266687;1273890;3709323;1603570;1272169;1612980;1404235
1695035760.332357;636.882;94.0873;0;2558259;3032923;3395622;2917141;1832889;1268688;1339893;2562347;1871839;1580398;1359782;1393928
1695035761.332080;677.879;99.3306;0;1829629;1255918;3777168;3606950;3411458;1711098;1795579;1259176;3740453;2929326;3142536;1569248
1695035762.331806;701.25;103.21;0;1373049;1298469;3688944;3085331;2514628;1247557;1945914;1435903;2089728;2163108;2161585;1217874
1695035763.330557;718.738;107.177;0;1335347;1396416;1266878;1632823;1356639;1406616;1325431;1304037;1297751;1336821;1311138;1307374
1695035764.330156;736.524;111.15;0;1456350;1400238;1250784;1230477;1959728;1287095;1368254;1308582;1294742;1253435;1341432;1273931
1695035765.329096;754.201;115.138;0;1268585;1321266;1232978;1348290;1290978;1232601;1263873;1278551;1314550;1380520;1281935;1339767
1695035766.328068;778.227;119.59;0;1754551;3402481;1682215;1316255;1302806;1457284;1518568;2508780;1330010;2614686;1223765;3703482
1695035767.326421;805.085;124.617;0;2880505;1245159;1496815;1431681;1216399;1250090;1288016;1293871;1686093;1296037;1736969;1805990
1695035768.326468;833.317;129.048;0;2908283;3106957;2846068;2765323;3017284;2865816;2496963;3313815;3157405;3255958;2896354;3000866
1695035769.564910;865.846;133.541;0;3800101;3804138;3735442;3782351;3158129;3799096;1695128;2517688;3799901;3794186;3820890;3770298
1695035770.323704;921.31;139.015;0;3678481;3662555;3770734;3701710;3733944;3640861;3773209;3609903;3752039;3734235;3595059;3677177
1695035771.323141;973.997;144.56;0;3766230;3697741;3658206;3417086;3411093;3462192;3714400;3616814;3608338;3415466;3338457;3426068
1695035772.322944;992.689;148.167;0;3199362;3299728;3075512;2280163;2686851;2275966;3303114;2557737;2771038;2223094;3001172;2395341
1695035773.322118;1007.76;151.397;0;1211444;1202728;1378343;1229575;1232197;1202406;1757528;1201127;1325201;1549788;1489384;1202793
1695035774.321042;1030.37;155.306;0;2646636;2436580;2705743;3040639;2655927;2824264;2781195;3104875;2629203;2542473;3190329;2586212
1695035775.320581;1061.51;159.799;0;3022239;3236020;3311575;2449712;3119824;2554852;2470737;2440062;2981850;2499958;2865646;2322561
1695035776.319509;1076.97;163.117;0;1534282;1235518;1202573;1209508;1202557;1200135;1207728;2517565;1200284;1223504;1205437;1200117
1695035777.318760;1091.88;166.339;0;1243636;1201506;1226367;1375868;1202027;1200099;1889738;1200977;1207086;1441511;1203603;1202934
1695035778.317989;1107.13;169.601;0;1314742;1203825;1234199;1292796;1459888;1200389;1379834;1206594;1296938;1295804;1242963;1200235
1695035779.317042;1122.24;172.867;0;1610994;1203172;1225048;1290307;1200236;1200219;1226124;1252630;1205183;1200218;1200719;1200265
1695035780.316359;1137.3;176.104;0;1237120;1749698;1240241;1202551;1234855;1200171;1222563;1479559;1203118;1485472;1215523;1200089
1695035781.315425;1152.46;179.367;0;1200179;1200116;1250523;1200247;1781235;1200991;1200807;1225808;1201261;1200077;3141904;1200548
1695035782.314651;1167.43;182.589;0;1201093;1200141;1263182;1200246;1335975;1200189;1201668;1205733;1202683;1200063;2471174;1200077
1695035783.313897;1182.47;185.883;0;1212376;1200085;1246732;1200256;1256553;1201996;1204181;1236462;1203684;1203087;1323797;1210879
1695035784.312965;1197.41;189.087;0;1200111;1799517;1215674;1200217;1346286;1200483;1200110;1349266;1210544;1200083;1327814;1200150
1695035785.312131;1212.59;192.354;0;1200074;1218432;1259536;1318077;1200185;1218599;1200208;1210030;1247304;1211797;1200115;1200802
1695035786.311370;1227.51;195.579;0;1247782;1284053;1200320;1200156;1200226;1200216;1200264;1245856;1200077;1200082;1200083;1200243
1695035787.310505;1242.45;198.792;0;1219979;1200082;1272412;1203246;1713463;1200181;1225107;1200192;1216374;1202508;1200465;1200079
1695035788.309614;1257.36;201.984;0;1217062;1200080;1223181;1200727;1396199;1200209;1225389;1200220;1207307;1201946;1213321;1200596
1695035789.308835;1272.26;205.177;0;1200053;1200078;1212784;1405732;1298926;1201261;1200174;1200175;1213825;1514577;1202519;1202669
1695035790.308040;1287.21;208.427;0;1215175;1593916;1200084;1255361;1622811;1212905;1207629;1269553;1200172;1232694;1200080;1211799
1695035791.307189;1302.2;211.693;0;1200046;1200831;1237829;1356549;1209418;1200214;1200335;1206808;1342869;1208164;1211126;1200084
1695035792.306328;1317.13;214.926;0;1200056;1605057;1241047;1200278;1200369;1207112;1200381;1259077;1320594;1200075;1200079;1260726
1695035793.304403;1375.78;220.228;0;3719754;3719637;3726645;3682212;3726622;3639350;3763328;3730366;3729451;3654405;3683270;3744160
1695035794.303443;1428.28;225.668;0;3560866;3395706;3495770;3511029;3457012;3560327;3642182;3430653;3494873;3458431;3418648;3504546
1695035795.302801;1477.92;231.043;0;3597533;3430957;3321520;3509252;3385264;3384095;3375870;3486078;3468631;3203534;3176760;3338945
1695035796.301551;1521.06;236.264;0;2800689;3103402;3045389;2871032;3031966;3123381;3062263;3228948;2993844;3050226;3128095;3209006
1695035797.300517;1562.04;241.31;0;2882325;2964600;3033965;3040134;3050819;3082018;3119679;3026784;3205484;2910964;2948982;2841649
1695035798.299742;1608.03;246.668;0;3011430;3137850;3260392;3205742;3093806;3307867;2978901;3184475;3224071;3151307;3021612;3370533
1695035799.298743;1652.84;251.97;0;3212671;3219505;2822548;3080890;3152395;2992421;3225576;3080623;2785877;3137010;3091444;3290077
1695035800.297729;1698.9;257.314;0;3268986;3494532;3144872;3048511;3251787;3262927;3304015;3261821;3227703;3094842;3226662;3498101
1695035801.296868;1740.85;262.468;0;3050220;3212964;3126766;2869536;2806802;3166798;2929254;2751968;2969654;2817687;2506887;2758287
1695035802.296734;1783.76;267.612;0;2923601;3315146;3104194;2963105;2879808;2976529;3447972;2709924;3036715;2924974;2920909;2905072
1695035803.295151;1846.17;273.1;0;3706036;3718552;3734918;3670831;3644040;3636594;3717699;3685703;3675908;3672257;3682338;3663517
1695035804.294458;1891.88;278.515;0;2975404;2978414;3067227;2948230;3012500;3561256;3053585;2823054;3056090;3001383;3503867;3164874
1695035805.293274;1934.79;283.65;0;3081064;3013654;2883183;3062581;3049549;3265996;3156069;2862515;2888904;2909781;3247253;3096613
1695035806.292385;1977.16;288.832;0;2726340;2558956;3169648;2827099;2879238;3390267;2913348;2566238;3014400;2834761;2905354;2735641
1695035807.291524;2021.11;294.096;0;2917998;2983815;3012008;3458702;3055887;3420633;3145941;3029368;3083455;3086568;3117397;3090738
1695035808.290452;2063;299.202;0;2928450;2905158;3065109;3013491;3055804;2722021;2988226;2969797;3119496;3022292;2887237;2797569
1695035809.289967;2104.09;304.269;0;2790056;2785072;3133465;2906849;2588077;2691629;2818067;2924715;3028623;2917722;2541049;2597620
1695035810.289304;2142.11;309.189;0;2602245;2765865;2832712;2509528;2581442;2795288;2814461;2900561;2858162;2494575;2566912;2846844
1695035811.287715;2183.42;314.223;0;3168212;2955767;3349114;2835333;2916288;2999486;2926473;2942435;3357747;2824564;2935259;2858849
1695035812.287168;2226.12;319.402;0;3045755;3645517;3062973;3085215;2967992;3093316;2948984;3051499;2947771;3050624;3005382;3095618
1695035813.286994;2282.1;324.614;0;3680345;3658973;3658453;3546185;3580094;3649157;3628997;3600545;3633663;3503571;3531849;3598733
1695035814.285260;2320.91;329.645;0;2854005;2668888;2764017;2905748;2721813;2574086;2895913;2848321;3217336;2697098;2777499;2494734
1695035815.284476;2360.43;334.659;0;2483554;2844859;2838643;2861745;2648127;2860682;2492430;2608348;2592278;2884154;3279260;2824196
1695035816.283374;2397.68;339.526;0;2548540;2226944;2787808;2511303;3016793;2318225;2664956;2274848;2575244;2516467;2706816;2510250
1695035817.282137;2440.82;344.754;0;2748756;2922101;3313054;2778923;3271443;2914396;2806211;3043386;3338424;2662933;3261382;2700528
1695035818.281458;2484.55;349.966;0;2828038;2791312;3114641;3170588;2946797;3442590;2916683;3011856;2953680;3165763;2695804;3559943
1695035819.281498;2526.47;355.088;0;2651921;2807272;3039527;3234708;2987760;2548369;2766137;2605120;2633696;3369872;3212377;2818244
1695035820.279430;2566.67;360.133;0;3538538;2745101;2763292;3032748;3036563;2861036;2963286;2769037;2795151;3085132;2837437;2620645
1695035821.278568;2608.7;365.273;0;3121374;2881456;2958823;2913167;2828006;2929899;2644946;2832359;2723680;2968316;2836358;3120582
1695035822.277691;2659;370.724;0;3722235;3344125;3275676;3586225;3466732;3555937;3425633;3288046;3235552;3446673;3687007;3430543
1695035823.277679;2711.46;375.805;0;3542153;3520880;3565876;3473295;3456804;3587114;3378716;3592864;3498208;3514407;3455101;3567117
1695035824.275635;2749.79;380.809;0;2768346;2371285;2582417;2776849;2471608;2897954;2712084;2451793;2516174;2630754;2784902;3075792
1695035825.274698;2788.03;385.819;0;2584367;2651612;2560584;2325499;2537383;2564856;2529230;2714508;2495346;2562339;2785342;2646801
1695035826.273987;2827.82;390.813;0;2677390;3322649;2454266;2681599;3120318;2634311;2504360;2667848;2410657;2876314;2697028;2596727
1695035827.273098;2867.55;395.841;0;3385300;2749894;2606114;2792453;2807548;2774045;2846448;2843067;2634883;2731316;3295783;2723007
1695035828.272509;2905.94;400.846;0;2973325;2590019;2536091;2692410;2812070;2675894;2476299;2582942;2748536;2730261;2855348;2660195
1695035829.271513;2945.91;405.935;0;2831759;2687822;2424743;2577532;2372281;2620716;3346706;2604423;2395747;2517321;2397938;2389482
1695035830.270946;2984.24;410.88;0;2273947;3065261;2589842;2641711;2663572;2471655;2255425;2831782;2873825;2547381;2607896;2334714
1695035831.269470;3021.59;415.756;0;2688278;3167693;2804394;2772129;2469265;2491199;2642547;2472554;2522804;2526721;2542474;2542044
1695035832.268321;3058.18;420.667;0;2656199;2448015;2342410;2479535;2388533;2477140;2496770;2661482;2353588;2401195;2342734;2780220
1695035833.267834;3095.16;425.542;0;2379210;2695933;2748086;2489813;2756598;2542811;2578887;2720790;2535854;2466327;2700500;2507910
1695035834.267335;3131.26;430.398;0;2862474;2662051;2367164;2579241;2206563;2331660;2339359;2579693;2424354;2607156;2465879;2298886
1695035835.266371;3164.84;435.116;0;2402953;2520129;2352335;2096821;2331641;2089913;2104042;2562561;2280555;2206274;2411895;2138005
1695035836.264869;3198.6;439.909;0;2707786;2428335;2235830;2232577;2294093;2710139;2372239;2533207;2228901;1915720;2504759;2407442
1695035837.264773;3234.51;444.745;0;2978715;2701764;2551499;2633119;2680367;2652953;2650864;2509286;2440244;2673028;2612454;2705029
1695035838.263600;3270.03;449.668;0;2365148;2336114;2139365;2657029;2311863;2312038;2448633;2421916;2404819;3013930;2314314;2539911
1695035839.262400;3307.18;454.568;0;2732212;2598895;2618609;2433269;2475543;2497842;2469981;2531052;2605511;2427277;2569610;2517992
1695035840.261973;3342.38;459.387;0;2304573;2117326;2460709;2455302;2295553;2307689;2322960;2001534;2441015;2418848;2474168;2275074
1695035841.260228;3378.16;464.213;0;2456386;2456008;2264908;2612713;2611229;2503597;2357603;2370261;2369061;2676172;2679849;2542357
1695035842.259949;3413.74;469.022;0;2384427;2257516;2207583;2447638;2367136;2385215;2536168;2174137;2320992;2366059;2594995;2514706
1695035843.258542;3450.89;473.894;0;2575573;2486433;2721801;2528180;2575245;2368240;2419967;2570559;2614943;2392414;2698555;2348087
1695035844.257563;3487.79;478.736;0;2447730;2654708;2575841;2742471;2439029;2945427;2446788;2708606;2485214;2642368;2436149;2500186
1695035845.256701;3523.25;483.63;0;2178779;2626548;2530238;2500198;3059645;2817654;2141270;2454250;2479607;2443259;2600685;2540128
1695035846.255790;3559.04;488.476;0;2378831;2324415;2455859;2165775;2493416;2369459;2269058;2337701;2454075;2468907;2435002;2330173
1695035847.255682;3596.61;493.388;0;2540985;2522403;2404793;2317187;2359065;2985941;2343945;2527610;2442288;2263422;2274822;2482566
1695035848.253994;3631.17;498.147;0;2390356;2268735;2750702;2248131;2595369;2258094;2375956;2125869;2507551;2502278;2622149;2159976
1695035849.253311;3665.04;502.931;0;2623963;2147365;2304576;2410261;2229287;2386844;2528812;2269756;2516038;2383247;2175685;2517698
1695035850.251953;3701.3;507.823;0;2433116;2359825;2349350;2089252;2510732;2508804;2476408;2370499;2283600;2258696;2730835;2519755
1695035851.251386;3739.63;512.771;0;2724221;2573421;2977092;2395691;2583851;2496888;2669158;2551923;2500769;2600134;2627775;2501339
1695035852.251059;3774.97;517.59;0;2313881;2454778;2518737;2402071;2394356;2375762;2458884;2345613;2328802;2295993;2350097;2696558
1695035853.249410;3808.56;522.369;0;2265433;2307637;2368448;2471207;2275470;2132071;2288143;2356139;2134642;2230160;2300211;2245396
1695035854.249020;3843.76;527.175;0;2460692;2612994;2408569;2397193;2509258;2778047;2285956;2335110;2262595;2497923;2263069;2605307
1695035855.247789;3878.51;531.983;0;2442184;2270150;2299918;2369473;2342479;2393553;2533962;2369207;2347386;2271913;2361549;2393825
1695035856.247860;3912.08;536.673;0;2525602;2514737;2391888;2316835;2240343;2361034;2335715;2399872;2270185;2286114;2140018;2406637
1695035857.245831;3946.22;541.427;0;2477022;2302273;2471878;2391487;2328388;2061876;2380824;2439261;2472317;2351850;2598507;2166955
1695035858.245068;3982.54;546.282;0;2595633;2655229;2407745;2183815;2300963;2416399;2620177;2570998;2289106;2239224;2463340;2456299
1695035859.244776;4017.89;551.044;0;2260820;2073443;2327258;2396651;2623891;2341996;2219708;2192594;2371957;2358395;2511091;2429932
1695035860.243631;4053.32;555.872;0;2555521;2457580;2485396;2478882;2782400;2476501;2356505;2510503;2336358;2175045;2592516;2412529
1695035861.242490;4088.41;560.667;0;2652153;2265859;2239224;2151130;2629404;2513023;2483079;2390339;2130295;2316765;2330291;2423459
1695035862.241222;4127.39;565.635;0;2482862;3131619;2583753;2430942;3312320;2681430;2436410;2489960;2611228;2854017;2956389;2696456
1695035863.242132;4164.24;570.496;0;2467615;2353227;2448149;2279360;2337524;2579911;2584007;2332301;2438756;2510713;2329685;2583405
1695035864.239911;4204.42;575.531;0;2399804;3136099;2975079;2341510;2604554;2578700;2604163;2380499;2888068;2361331;2529076;3150136
1695035865.238801;4246.09;580.64;0;2946054;3180867;3039964;3063848;2658513;3098999;2999235;2821050;2986131;3453638;2698984;3042449
1695035866.237483;4286.25;585.673;0;2465316;3370921;2674333;2757747;2739904;2785932;2415616;2885356;2562542;2475099;2682938;3058245
1695035867.236591;4322.8;590.478;0;2699238;2470803;2442922;2598155;2882333;2668940;2823202;2952231;2315094;2638692;2698730;2681258
1695035868.235756;4360.12;595.339;0;2734678;2394125;2651266;2526020;2750942;2569961;2615498;2785905;2953099;2400596;2703979;2532660
1695035869.234725;4398.66;600.275;0;2594236;2422862;2900507;2724662;3037322;2750464;2582067;2542056;2793211;2493446;2568906;2767831
1695035870.235094;4436.52;605.179;0;2385628;2459633;2283688;2689947;2549032;2455792;3033317;2609121;2440934;2490332;2690232;2545245
1695035871.234158;4469.58;609.86;0;2522851;2390733;2340851;2320827;2594410;2340662;2297265;2419284;2544555;2425580;2547901;2427088
1695035872.232850;4503.13;614.636;0;2411820;2698287;2364507;2321824;2721511;2619848;2356329;2601383;2489832;2307178;2639183;2603787
1695035873.231527;4538.59;619.432;0;2563555;2486311;2479277;2391486;2266026;2547082;2439066;2525333;2634939;2463978;2637016;2545354
1695035874.230776;4576.27;624.311;0;2735300;2763826;2521568;2287368;2681467;2556886;2636705;2805845;2655864;2395658;2514370;3079842
1695035875.229560;4608.33;628.997;0;2415663;2583863;1994844;2163368;2417591;2149642;2350747;2549405;2125476;2126630;2633575;2231462
1695035876.228528;4639.12;633.635;0;2405178;2133357;2262288;2159506;2060459;2229355;2123960;2299966;2160809;2426322;2451432;2210812
1695035877.228161;4678.16;638.686;0;3170350;2722055;2626297;2934982;2589531;2676212;2724447;2455977;2768232;2843657;2766412;2854015
1695035878.227626;4715.84;643.591;0;2341139;2408202;2905053;2560813;2603237;3010583;2410469;2549951;2810396;2439646;2628309;2714535
1695035879.225996;4751.98;648.464;0;2504123;2428684;2739216;2498093;2345970;2784097;2442972;2517330;2665019;2494697;2357112;2407286
1695035880.224856;4786.61;653.232;0;2790238;2300973;2570128;2293988;2277965;2320241;2485114;2155543;2332274;2279097;2321872;2242716
1695035881.224459;4820.45;657.951;0;2342598;2115212;2691199;2166249;2182558;2283562;2397859;2447494;2640939;2083059;2068720;2374299
1695035882.223018;4854.51;662.723;0;2310763;2501811;2341775;2454207;2461239;2578000;2444430;2479451;2371736;2503217;2604800;2512027
1695035883.222354;4889.29;667.482;0;2108481;2662203;2393429;2515277;2423593;2596442;2202582;2498874;2253349;2454823;2389932;2256063
1695035884.222922;4924.51;672.324;0;2390394;2380365;2521471;2414542;2594075;2145173;2364477;2396365;2699011;2390462;2555317;2164041
1695035885.221137;4959.1;677.1;0;2233915;2408417;2212508;2198208;2288185;2255170;2185524;2220353;2094309;2107728;2213942;2192635
1695035886.219565;4993.12;681.858;0;2197259;2628576;2174961;2319004;2384132;2235143;2236835;2483650;2088665;2384493;2338210;2155300
1695035887.218720;5026.94;686.593;0;2296149;2280860;2333924;2337106;2380867;2200796;2281003;2272669;2126202;2312151;2287785;2230681
1695035888.218382;5058.04;691.265;0;2443550;2009692;2128751;2254043;2378267;2456919;2475355;2180737;2197555;2165873;2340295;2126943
1695035889.216846;5090.13;695.923;0;2539946;2231084;2023436;2163697;2193701;2289021;2478760;2210683;2269242;2205177;2193675;2334580
1695035890.215871;5126.69;700.802;0;2361241;2589080;2422162;3391869;2640716;2497698;2373031;2411410;2486262;2527888;2722656;2449123
1695035891.214902;5162.85;705.651;0;2270677;2280943;2520737;2791558;2439107;2420192;2405879;2438719;2376313;2574490;2403057;2359753
1695035892.214136;5197.09;710.415;0;2309196;2039495;1991288;2195649;2031609;2149107;2202955;2094732;1956321;2242312;2255216;2203381
1695035893.213534;5231.1;715.146;0;2236307;2143064;2513383;2307198;2399488;2256314;2099778;2167429;2563679;2083654;2441955;2278101
1695035894.213019;5263.86;719.84;0;2151110;2089687;2192970;2364456;2208519;2046174;2057999;2110131;2320580;2166548;2066813;1917009
1695035895.212174;5296.33;724.607;0;2390146;2144822;2439774;2295666;2196989;2101966;2319665;2359562;2305163;2141278;2134952;2258016
1695035896.210852;5328.85;729.346;0;2302181;2148735;2228898;2242825;2303017;2215650;2333154;2073908;2154084;2249116;2074108;2375315
1695035897.209977;5360.97;733.998;0;2393158;2327900;1948689;2319263;2535444;2236072;2259800;2374452;2090582;2784801;2327877;2129296
1695035898.208657;5390.75;738.531;0;2249239;1982498;2155218;2144640;1984622;2117667;2027873;2063956;2230957;2148388;1828401;2018108
1695035899.207907;5421.98;743.2;0;2154470;2335447;2284922;2144858;1964041;2240563;2108377;2109657;2121375;2077638;1895692;2176984
1695035900.207644;5451.42;747.702;0;2077143;1873841;1968070;2237637;1868876;2220094;1764073;1913256;1854709;2378702;2020939;2053176
1695035901.206236;5474.03;752.2;0;1887368;1431852;1349854;1800476;2280364;1600674;2078698;2605121;1776088;1678507;2368736;1774615
1695035902.205757;5495.68;756.632;0;1982346;2418616;1457420;1983215;2324167;1495965;2056828;1578517;1368050;1748837;1625633;1350062
1695035903.204957;5518.08;761.115;0;1817617;2141723;1841997;1922926;2065602;1393799;1724627;1419175;1553926;1408556;2328290;2008352
1695035904.204560;5534.05;764.568;0;1315088;1352646;1200080;1207228;2475970;1445474;1786664;1338799;1200325;1242516;1277666;1207862
1695035905.203788;5549.33;767.894;0;1237243;1200187;1201610;1216987;1211363;1252414;1317292;1200297;1200272;1200038;1210273;1258583
1695035906.202739;5564.59;771.123;0;1345451;1207015;1682969;1209169;1204162;1268191;1632182;1246893;1265059;1218364;1206717;1295420
1695035907.202109;5580.36;774.481;0;1360079;1632095;1409938;1200131;1280653;1309921;1423741;1306234;1306928;1201037;1282553;1227384
1695035908.201262;5596.02;777.803;0;1279187;1239433;1479206;1203746;1237373;1260436;1252264;1473582;1392820;1209942;1233902;1225918
1695035909.200472;5611.07;781.049;0;1200494;1212613;1217781;1200095;1200407;1253223;1202355;1318539;1203243;1200224;1200080;1215516
1695035910.199598;5626.16;784.303;0;1210331;1200298;1216391;1200098;1200376;1226289;1218365;1258135;1703700;1200223;1200075;1203699
1695035911.198807;5641.42;787.624;0;1216391;1211128;1217444;1200076;1234295;1243024;1226244;1417556;1633522;1200133;1202386;1202019
1695035912.198055;5656.48;790.872;0;1229301;1213552;1203844;1200067;1200416;1235876;1256095;1246671;1517286;1200346;1200061;1200879
1695035913.197221;5671.55;794.154;0;1200081;1299211;1200269;1200040;1200367;1241285;1200225;1321928;1200061;1200181;1200064;1202120
1695035914.196369;5686.57;797.386;0;1504132;1209987;1203098;1200414;1205368;1244663;1245552;1206709;1296990;1200975;1200542;1203908
1695035915.195479;5701.54;800.599;0;1208458;1200183;1200113;1206691;1200387;1230128;1279976;1200106;1646478;1200721;1200092;1206097
1695035916.194525;5716.59;803.865;0;1200097;1200153;1216074;1205024;1200821;1262650;1201029;1200097;1341189;1200232;1202410;1209719
1695035917.193758;5731.61;807.111;0;1220911;1200205;1991544;1200081;1207751;1362862;1442017;1200112;1542248;1200221;1200386;1215666
1695035918.192026;5746.56;810.339;0;1200977;1200197;1223539;1200089;1200314;1319499;1203207;1200119;1372697;1200190;1200094;1338473
1695035919.191981;5761.45;813.523;0;1210604;1200130;1204980;1200156;1200397;1203727;1206147;1200122;1202138;1200356;1200068;1205474
1695035920.191137;5776.48;816.771;0;1252775;1200167;1277040;1200082;1224050;1452722;1204740;1200105;1768969;1210642;1207915;1223060
1695035921.190429;5791.68;820.026;0;1338637;1209868;1206250;1200099;1226400;1312322;1213590;1208014;1209270;1200135;1227421;1217320
1695035922.189604;5806.71;823.255;0;1207634;1246887;1307730;1200086;1200038;1219559;1249393;1208595;1222795;1200158;1200108;1201201
1695035923.188795;5821.66;826.457;0;1200083;1200123;1202407;1200122;1649682;1216271;1200129;1200149;1447004;1200520;1913544;1200091
1695035924.187867;5836.69;829.707;0;1200609;1212629;1207386;1200082;1465297;1220495;1201221;1678102;1682093;1200171;1259728;1200713
1695035925.186965;5851.62;832.921;0;1200083;1200152;1200094;1234848;1200163;1238292;1200119;1200129;1200091;1355273;1200079;1201731
1695035926.186115;5866.6;836.164;0;1200095;1200139;1209611;1202102;1495786;1207311;1200115;1200145;1287971;1212186;1862981;1264902
1695035927.185345;5881.54;839.44;0;1200097;1200097;1200063;1449750;1205260;1227748;1200130;1200126;2000787;1406517;1223166;1207370
1695035928.184569;5896.55;842.649;0;1200082;1200094;1202939;1228581;1200072;1223038;1200179;1200113;1202155;1306751;1200236;1201641
1695035929.183742;5911.55;845.859;0;1202792;1203643;1200062;1200069;1631171;1230636;1281595;1206647;1200128;1200239;1794570;1251292
1695035930.182856;5926.43;849.037;0;1549537;1200106;1200066;1200068;1200136;1223633;1206136;1200110;1200139;1200222;1931325;1245297
1695035931.182141;5941.32;852.25;0;1246442;1200114;1200061;1200069;1200165;1201823;1261473;1200107;1200137;1200190;1885444;1221335
1695035932.181252;5956.22;855.44;0;1207832;1200059;1200062;1200080;1239365;1200739;1211939;1200110;1200118;1200214;1216037;1231568
1695035933.180515;5971.25;858.669;0;1225989;1289573;1200058;1200073;1223226;1200342;1218117;1207465;1200147;1200167;1959356;1204078
1695035934.179601;5986.42;861.95;0;1209441;1210300;1220003;1213434;1214952;1200984;1206078;1209403;2029346;1212409;1637164;1265784
1695035935.178581;6001.45;865.18;0;1200547;1200121;1226079;1201547;1233007;1202970;1200214;1200107;1212992;1202334;1935339;1300949
1695035936.178068;6016.44;868.412;0;1207443;1216259;1203707;1200451;1247624;1212762;1203473;1203160;1201142;1220241;1341235;1214120
1695035937.177142;6031.33;871.626;0;1200052;1414332;1228096;1200083;1227322;1200110;1200440;1200147;1209332;1200233;2010124;1200098
1695035938.176368;6046.2;874.834;0;1200061;1200177;1229673;1200083;1431404;1206087;1200495;1200118;1216629;1200194;1216563;1567146
1695035939.175447;6061.08;878.068;0;1200131;1200072;1230541;1200085;1338020;1200112;1200809;1200218;1209173;1200177;1213895;1200104
1695035940.174429;6076.02;881.316;0;1208548;1200091;1209033;1200093;1209874;1210889;1200675;1200140;1203696;1200241;1477977;1791711
1695035941.173049;6091.01;884.545;0;1401970;1200082;1232790;1200094;1209182;1202316;1210398;1200148;1203371;1200204;1325937;1200387
1695035942.172791;6105.95;887.752;0;1254533;1200125;1206086;1200085;1200297;1282763;1238550;1200112;1203447;1200184;1692506;1301743
1695035943.170843;6145.42;892.12;0;3334005;3587144;3583103;3621963;2872559;3657539;3641412;3648678;3616436;3666868;3526913;3615639
1695035944.170138;6179.74;896.87;0;2350610;2295046;2512773;2374343;2375400;2509097;2465252;2239590;2238957;2529141;2650189;2525374
1695035945.168936;6215.5;901.684;0;2422520;2618183;2374380;2600335;2785564;2570878;2411392;2558175;2362016;2541107;2450417;2764241
1695035946.167989;6252.71;906.588;0;2572271;2656451;2597722;2398566;2681303;2430749;2693992;2744775;2580717;2608403;2623762;2524478
1695035947.167693;6288.81;911.433;0;2655362;2394055;2288680;2559059;2639038;2621201;2724067;2385327;2553955;2309666;2609796;2318505
1695035948.167030;6324.49;916.257;0;2579953;2533343;2310592;2676418;2556709;2580830;2583118;2506721;2277013;2533533;2250864;2676249
1695035949.165185;6360.05;920.999;0;2390336;2618057;2583722;2446219;2380332;2705409;2467777;2885742;2562618;2450620;2278586;2687894
1695035950.165008;6396.06;925.86;0;2305540;2764633;2445546;2585738;2221118;2345122;2397520;2828077;2392708;2419974;2109811;2586343
1695035951.163437;6433.56;930.903;0;2616921;2525325;2427089;2591428;2424089;2601946;2390142;2649627;2433387;2901374;2355951;2417414
1695035952.162941;6468.74;935.684;0;2264428;2375561;2475191;2641902;2643503;2438141;2355834;2253537;2324205;2508641;2606570;2616509
1695035953.161874;6519.99;940.678;0;3585392;3460915;3547140;3523438;3488921;3584912;3433115;3545187;3514945;3513606;3515147;3407031
1695035954.161521;6556.72;945.504;0;2622110;2559910;2330182;2881575;2524896;2633503;2440554;2411716;2234252;2853624;2618714;2345263
1695035955.160132;6591.29;950.299;0;2207732;2721977;2371127;2363557;2730568;2154799;2160174;2578886;2474347;2392065;2887978;2366443
1695035956.158834;6628.79;955.181;0;2358774;2587811;2620566;2794177;2516162;2286299;2374337;2593781;2522176;2568077;2720048;2378662
1695035957.157930;6664.51;959.98;0;2462406;2259848;2616700;2496062;2194453;2495168;2520407;2277424;2432695;2234920;2191071;2424809
1695035958.157440;6700.9;964.864;0;2502228;2422475;2206498;2499469;2472175;2588882;2328168;2415785;2365071;2394478;2291877;2530609
1695035959.156365;6738.25;969.753;0;2496715;2597058;2742509;2461523;2787437;2352346;2562158;2465792;2648843;2475367;2630156;2499737
1695035960.155670;6773.51;974.602;0;2287957;2186102;2274116;2401088;2311237;2606803;2344378;2103716;2062543;2350197;2262644;2588626
1695035961.154790;6808.91;979.409;0;2450408;2648756;2593706;2575140;2381284;2532491;2479824;2656422;2535113;2539909;2547952;2628793
1695035962.154105;6846.33;984.281;0;2453485;2769591;2422040;2893455;2641893;2694998;2752573;2526792;2483975;2723891;3039077;2714721
1695035963.153493;6893.96;989.178;0;3561741;3557199;3504499;3585918;3545162;3582110;3458838;3537749;3515722;3451051;3547213;3555401
1695035964.152515;6927.42;993.961;0;2504978;2387309;2205530;2388117;2452370;2386220;2472237;2213284;2364010;2555463;2710480;2212450
1695035965.150812;6964.34;998.881;0;2567309;2561226;2671786;2539232;2728722;2505742;2440543;2416715;2584560;2629352;2711433;2415581
1695035966.150420;6999.42;1003.64;0;2726449;2617579;2904409;2301751;2395664;2169286;2530008;2502392;2619281;2337567;2534893;2231423
1695035967.149947;7034.62;1008.48;0;2608598;2506447;2420188;2495340;2367198;2593196;2535048;2596250;2157946;2378882;2241511;2435443
1695035968.148599;7071.03;1013.33;0;2642720;2595519;2514082;2456429;2535243;2538536;2448252;2588681;2159385;2336483;2519598;2813482
1695035969.404863;7105.41;1018.14;0;2413816;1468986;3468208;1200015;2749896;1211819;1829146;3412176;3067305;1809652;1345655;1286587
1695035970.146273;7142.03;1022.98;0;2295684;2427870;2607998;2596872;2452583;2099152;2345530;2395108;2552264;2599742;2535521;2242972
1695035971.146147;7175.6;1027.68;0;2384645;2435234;2177196;2223621;2304337;2249065;2360793;2481541;2354308;2359700;2348232;2491380
1695035972.145334;7212.48;1032.57;0;2707708;2592083;2492555;2393603;2775014;2443021;2493647;2668226;2523681;2372002;2663736;2405078
1695035973.144463;7262.94;1037.6;0;3344147;3486115;3265941;3524498;3472227;3472559;3516073;3445370;3463482;3522007;3540376;3459089
1695035974.143304;7299.3;1042.41;0;2252256;2426723;2495488;2377068;2540987;2089140;2209387;2434251;2591524;2536408;2562672;2329166
1695035975.141984;7336.83;1047.29;0;2297965;2817570;2532729;2576728;2707072;2651088;2341908;2722097;2700033;2836697;2518561;2567023
1695035976.141756;7372.32;1052.11;0;2219393;2482804;2386427;2500945;2476312;2768294;2116485;2334301;2478270;2411075;2458984;2614177
1695035977.140056;7406.28;1056.88;0;2360558;2488041;2563032;2640927;2217502;2310185;2246939;2388346;2467564;2530097;2035585;2701671
1695035978.139066;7444.99;1061.95;0;2382872;2499387;2765024;2876266;2353375;2578675;2424904;2505354;3165049;2863390;2382632;2714953
1695035979.396862;7479.39;1066.76;0;1226329;1217931;2765409;2288368;1259423;1200006;3140495;1632477;3780431;1292841;1200062;1316925
1695035980.143990;7514.76;1071.58;0;2338761;2641682;2568768;2905824;2350915;2600602;2411439;2649912;2515823;3180087;2702069;2782711
1695035981.142429;7550.41;1076.4;0;2338952;2423276;2410763;2398531;2388247;2400135;2423925;2307997;2397085;2301946;2658748;2230328
1695035982.141382;7587.93;1081.31;0;3130399;2725482;2460177;2508163;2430771;2532828;2726683;2620620;2345306;2558052;2508477;2575983
1695035983.140402;7627.84;1086.37;0;2971846;2856989;2830446;2557159;3000840;2700392;2711649;2933812;2796143;2710350;3498450;2732065
1695035984.139570;7663.34;1091.16;0;2462170;2216429;2469500;2199870;2360417;2443068;2600394;2331583;2569334;2013261;2901355;2473175
1695035985.139028;7701.39;1096.13;0;2931500;2372592;2562052;2607727;2514835;2499885;2847139;2554696;2418777;2700361;2428042;2692184
1695035986.137654;7735.97;1100.84;0;2480367;2631720;2363714;2314107;2548573;2231123;2666054;2688603;2567902;2243404;2355527;2510379
1695035987.136697;7771.7;1105.63;0;2026315;2378577;2551214;2507297;2281033;2703370;2163337;2394667;2833258;2488271;2289070;2539628
1695035988.136199;7806.86;1110.44;0;2541649;2129168;2321785;1987234;2152881;2420236;2480257;2053877;2167615;2156782;2360483;2563274
1695035989.135182;7844.66;1115.35;0;2551769;2496332;2403390;2346840;2727819;2494773;2461051;2655005;2379551;2468643;2948578;2563674
1695035990.134022;7879.79;1120.11;0;2533759;2265791;2507763;2453543;2223634;2434119;2390789;2160202;2443115;2479840;2133015;2418053
1695035991.133102;7915.94;1124.96;0;2273394;2462185;2583659;2497058;2349665;2387495;2199120;2288671;2634988;2416666;2456450;2399005
1695035992.132047;7951.99;1129.79;0;2185093;2479272;2400456;2506758;2339588;2319732;2433265;2573533;2476191;2365896;2311924;2556623
1695035993.131284;7987.65;1134.65;0;2463570;2627778;2484242;2445652;2665498;2273299;2523111;2728019;2311954;2757928;2432899;2269599
1695035994.130495;8022.49;1139.42;0;2487709;2117066;2246003;2328616;2400637;2055801;2410803;2213433;2255211;2280597;2343071;2256856
1695035995.129481;8057.5;1144.25;0;2220793;2284172;2465807;2174984;2194231;2188147;2198437;2308984;2465738;2305396;2220459;2097780
1695035996.128471;8093.58;1149.02;0;2325153;2532223;2412609;2313072;2165953;2468420;2528802;2515660;2482178;2475597;2475748;2527378
1695035997.127514;8128.95;1153.84;0;2440495;2412352;2367200;2320811;2482381;2370875;2363852;2421204;2322587;2286281;2475555;2359016
1695035998.127486;8163.89;1158.59;0;2369367;2155252;2314292;2392419;2099582;2125949;2489723;2184622;2389815;2357185;2237439;2340950
1695035999.126383;8198.69;1163.4;0;2243828;2643505;2373232;2727581;2190462;2300696;2065869;2496668;2366133;2392990;2431330;2336889
1695036000.125435;8234.05;1168.18;0;2213661;2248901;2444957;2351112;2436321;2183482;2303859;2338763;2443063;2311761;2503318;2240015
1695036001.124390;8268.74;1172.9;0;2327939;2204926;2412233;2307946;2032992;2449043;2365213;2098084;2414843;2588542;2198780;2310237
1695036002.123759;8300.59;1177.6;0;2144562;2334473;2352145;2252869;2579003;2221536;2158085;2211562;2347356;2400664;2746568;2129854
1695036003.122285;8335.56;1182.38;0;2433121;2249867;2387326;2105997;2585202;2403152;2432948;2314087;2344461;2112062;2471898;2325309
1695036004.122111;8370.82;1187.22;0;2316464;2449186;2423854;2290682;2526566;2248801;2215909;2427169;2512365;2392607;2564230;2234498
1695036005.120559;8403.77;1191.92;0;2349155;2228667;2287914;2523027;2342417;2467626;2300874;2471465;2357017;2325849;2421315;2472766
1695036006.119658;8438.59;1196.67;0;2282982;2340490;2474862;2416865;2322964;2617636;2336117;2179082;2022995;2456544;2255605;2581539
1695036007.118527;8474.18;1201.47;0;2567953;2495074;2750373;2392646;2336717;2421199;2546229;2438832;2686179;2378239;2216848;2472235
1695036008.384828;8510.52;1206.23;0;1200018;1200103;3057678;3549448;1200008;2336291;1874496;1564373;1202033;1744764;1271533;2559116
1695036009.116823;8545.54;1211.03;0;2370349;2387998;2315223;2602810;2534905;2708488;2449378;2553750;2432680;2319237;2762792;2426746
1695036010.116122;8582.41;1215.87;0;2821316;2324279;2654560;2501917;2402850;2601960;2457433;2434260;2732850;2439440;2385930;2434184
1695036011.115597;8618.07;1220.68;0;2508349;2509957;2186747;2520929;2198191;2660962;2508888;2343971;2526229;2347730;2367183;2653672
1695036012.114456;8651.75;1225.35;0;2335006;2336186;2146763;2327180;2294729;2417076;2189702;2239464;2102266;2182009;2240812;2076059
1695036013.113363;8687.92;1230.26;0;2402885;2358673;2197663;2470131;2607701;2470366;2290865;2329188;2025983;2309256;2610630;2434219
1695036014.113184;8722.57;1234.97;0;2264613;2634075;2486340;2481186;2382879;2542778;2355113;2598901;2508652;2317466;2388667;2276323
1695036015.112175;8756.43;1239.67;0;2373210;2443625;2341804;2222898;2361837;2301852;2289030;2226294;2284011;2305143;2234992;2241404
1695036016.110635;8791.34;1244.46;0;2278190;2252724;2343317;2305829;2440404;2263766;2136446;2376948;2313974;2380498;2420646;2287444
1695036017.109531;8827.93;1249.35;0;2779093;2516986;2253655;2496342;2374311;2668213;2557194;2546116;2354178;2552255;2533745;2746462
1695036018.108676;8864.57;1254.32;0;2307618;2065102;2280088;2159030;2334504;2351773;2341290;2233455;2140412;2368978;2325910;2421217
1695036019.107617;8900.08;1259.09;0;2490512;2444279;2394498;2716878;2123101;2533576;2353244;2437049;2280059;2528220;2010211;2457267
1695036020.107581;8933.25;1263.79;0;2327715;2332744;2608155;2341961;2407294;2433492;2150368;2444534;2515670;2199537;2195201;2557854
1695036021.106508;8967.91;1268.53;0;2494979;2269799;2325297;2102580;2540078;2411088;2670850;2077905;2256841;2160336;2405847;2602305
1695036022.104974;9003.14;1273.36;0;2428582;2111249;2270862;2313731;2284941;2358384;2502016;2184294;2461183;2317755;2261546;2453759
1695036023.104401;9037.05;1278.12;0;2147505;2194488;2037435;2046750;2089637;2601033;2051829;2375444;2010266;2005534;2122114;2699655
1695036024.103704;9070.27;1282.84;0;2572790;2730229;2264342;2393061;2431200;2482935;2388535;2301879;2356285;2385441;2456596;2442410
1695036025.103158;9105.21;1287.64;0;2324366;2245591;2206171;2167112;2064157;2414366;2317624;2244238;2255360;2085365;2213081;2379180
1695036026.102181;9140.1;1292.44;0;2417790;2249800;2114996;2367857;2137854;2502942;2244007;2222973;2248935;2208764;2274394;2553020
1695036027.101448;9173.44;1297.14;0;2316093;2294543;2471882;2085154;2129966;2227434;2332757;2149564;2121963;2017187;2227767;2217548
1695036028.100414;9206.04;1301.84;0;2277181;2199567;2350778;2204038;2325001;2259923;2399397;2136813;2225883;2196063;2323528;2150566
1695036029.99141;9241.77;1306.68;0;2370904;2151608;2491977;2358941;2399924;2483658;2235433;2052036;2564627;2510646;2282718;2399250
1695036030.98647;9277.58;1311.53;0;2424877;2458747;2627231;2214606;2119760;2636557;2366682;2367616;2357169;2080444;2096984;2346339
1695036031.97559;9312.66;1316.31;0;2348739;2255612;2276280;2369129;2401931;2300153;2440106;2317586;2363879;2393727;2285384;2482240
1695036032.96512;9343.07;1320.96;0;2390518;2260478;2214211;2377368;2358266;2213070;2270143;2307880;2225153;2388125;2402511;2494189
1695036033.95313;9376.77;1325.65;0;2256270;2427563;2339837;2116359;2329551;2634097;2261460;2409764;2070199;2308197;2331179;2587976
1695036034.95354;9411.8;1330.42;0;2345741;2461915;2599152;2247713;2352409;2634722;2502958;2352682;2290338;2318033;2479675;3057826
1695036035.93357;9446.37;1335.23;0;2192880;2348550;2130540;2384489;2299451;2122498;2239330;2352326;2130539;2225641;2165228;2148109
1695036036.93240;9480.95;1339.98;0;2177823;2377873;2283216;2215490;2357469;2315360;2290813;2270257;2235090;2233363;2340005;2469113
1695036037.92461;9514.85;1344.67;0;2708639;2467228;2518145;2479330;2535665;2515340;2811834;2197462;2503848;2372840;2259427;2576016
1695036038.91331;9548.9;1349.45;0;2345277;2073637;2172448;2107187;2024390;2295614;2275885;2014380;2259036;1990853;2166547;2174895
1695036039.90069;9582.87;1354.17;0;2136479;2234089;2252578;2431942;2074726;2255181;2018636;2289208;2686551;2532617;2024815;2393715
1695036040.89076;9616.99;1358.92;0;2418230;2545942;2452523;2266044;2468328;2359540;2571070;2470251;2474817;2153171;2333504;2391363
1695036041.88302;9650.3;1363.64;0;2082576;2035198;2305080;2254129;2295075;2279236;2047006;2039531;2286005;2131370;2305614;2336040
1695036042.87916;9683.48;1368.3;0;2128419;2215131;2068533;2258785;2030101;1868363;2159710;2324389;2157048;2414716;1871928;1927367
1695036043.86527;9710.7;1372.9;0;2374946;2273531;2495451;2406269;2022160;2405758;2301391;2350692;2388872;2401837;2185194;2184344
1695036044.86170;9744.45;1377.6;0;2575002;2219940;2055550;2196495;2565519;2398947;2358091;2521904;2051097;2175849;2537956;2523741
1695036045.85189;9777.81;1382.29;0;2183831;2153124;2063560;2395507;2414600;2160322;1996372;2135855;2088158;2226485;2232166;2413262
1695036046.83655;9810.87;1387.06;0;2064797;2602597;2127080;2348988;2173592;2295733;2204991;2300186;2243637;2229678;2143801;2306100
1695036047.82677;9843.71;1391.77;0;2311106;2047683;2262233;2261260;2386790;2184832;2105641;1981407;1982371;2156972;2275180;2032027
1695036048.82540;9874.42;1396.35;0;2369031;2293967;2067391;2011098;2077751;1974659;2526223;1829075;1993488;2051005;2166950;2174428
1695036049.82055;9897.95;1400.68;0;1827191;1723630;1781616;1847017;2154813;1948294;1781026;1865245;1707823;1844995;1782888;2019121
1695036050.81314;9913.71;1404.05;0;1331666;1203515;1231679;1217428;1432277;1693642;1349240;1223232;1244927;1208200;1272338;1559294
1695036051.80565;9929;1407.32;0;1627594;1223189;1201416;1200083;1200333;1201784;1373458;1230392;1206804;1200164;1218263;1202399
1695036052.79196;9944.09;1410.53;0;1570262;1687838;1232109;1280165;1200195;1201420;1211002;1208309;1261468;1204931;1212786;1206185
1695036053.78719;9959.92;1413.9;0;1408701;1208774;1348043;1245340;1314144;2282396;1321530;1205921;1339332;1254023;1300814;1201601
1695036054.77939;9975.88;1417.31;0;1364322;1624253;1320840;1241932;1506790;1299878;1327831;1343701;1264895;1393821;1577468;1705139
1695036055.77150;9991.11;1420.61;0;1200156;1210958;1474054;1301699;1200070;1213579;1200089;1249925;1282655;1201054;1200164;1320698
1695036056.76347;10006.3;1423.89;0;1200293;1200057;1644083;1471374;1200072;1200183;1200078;1200313;1207951;1200143;1200205;1220473
1695036057.75429;10021.4;1427.14;0;1200282;1945520;1253256;1208991;1200073;1203356;1200076;1203489;1220519;1203107;1200263;1241204
1695036058.74854;10036.6;1430.41;0;1206813;1330380;1200270;1212494;2078080;1205721;1200622;1213425;1201857;1214775;1200285;1256420
1695036059.73899;10051.6;1433.63;0;1200144;1337808;1200056;1749915;1200054;1202837;1200101;1209332;1200542;1244733;1200279;1249045
1695036060.73075;10066.6;1436.87;0;1203691;1336427;1200045;1515052;1200074;1200102;1200152;1621772;1200433;1243814;1200184;1214277
1695036061.72421;10081.6;1440.08;0;1200175;1200434;1299108;1254891;1200091;1201939;1200091;1534443;1499101;1208023;1200170;1272372
1695036062.71622;10096.5;1443.3;0;1200931;1259437;1570690;1200069;1200090;1209307;1200139;1200246;1905974;1200187;1200188;1226334
1695036063.70793;10111.5;1446.49;0;1200477;1206447;1205195;1200073;1200083;1223372;1200082;1283663;1436935;1200256;1200176;1226315
1695036064.69951;10126.5;1449.69;0;1200362;1200523;1200072;1349952;1204847;1221416;1200087;1200061;1200693;1493325;1265726;1230208
1695036065.69031;10141.4;1452.87;0;1215985;1200268;1200093;1707208;1211041;1232361;1200740;1200076;1200246;1233733;1421839;1247968
1695036066.68349;10156.3;1456.08;0;1793987;1200167;1200085;1208477;1280993;1205053;1212182;1200119;1200253;1224707;1205476;1215889
1695036067.67490;10171.3;1459.31;0;1214682;1208228;1483957;1200099;1201885;1205696;1209097;1229461;1425039;1200133;1204463;1218171
1695036068.66258;10186.3;1462.53;0;1211089;1204355;1806356;1201093;1200543;1211250;1200568;1200730;1529708;1200273;1201465;1216594
1695036069.65441;10201.2;1465.74;0;1220415;1200349;1277249;1211133;1200104;1216507;1298772;1344046;1660448;1210578;1200121;1210685
1695036070.64831;10216.3;1469;0;1422517;1202479;1345588;1205744;1206444;1203936;1206423;1207818;1738604;1200386;1200683;1677904
1695036071.63803;10231.5;1472.24;0;1415077;1282455;1212251;1200144;1202531;1348110;1200263;1200878;1424699;1200256;1200943;2081333
1695036072.63106;10246.5;1475.45;0;1200057;1491298;1200176;1200431;1200086;1201992;1201255;1476552;1200089;1201098;1201848;1211108
1695036073.62261;10261.5;1478.67;0;1384749;2048660;1204132;1208823;1200093;1200240;1251401;1999726;1202672;1221266;1200125;1211571
1695036074.61473;10276.5;1481.89;0;1561495;1241097;1200062;1200070;1200133;1204020;1200168;1207459;1200151;1200126;1200103;1215476
1695036075.60741;10291.5;1485.12;0;1473279;1269507;1203996;1207745;1200138;1231339;1239650;1200183;1231527;1200429;1200110;1236217
1695036076.59873;10306.4;1488.32;0;1329971;2125144;1200076;1201000;1200149;1220782;1200175;1208180;1200238;1203276;1200103;1264490
1695036077.59144;10321.4;1491.57;0;1200201;1246401;1225876;1200061;1200151;1217723;1200079;1212281;1536262;1200397;1200100;1247112
1695036078.58235;10336.4;1494.77;0;1200765;1253263;1235234;1215873;1202644;1213155;1200144;1344177;1241815;1202508;1200100;1264951
1695036079.57493;10351.4;1497.97;0;1203526;1883918;1258973;1201152;1200172;1203853;1202468;1219871;1542069;1202348;1200091;1240571
1695036080.56553;10366.4;1501.16;0;1200176;1208562;1678451;1220928;1200177;1200297;1200090;1212239;1427748;1200757;1200098;1232942
1695036081.55792;10381.3;1504.38;0;1200108;1220145;1213606;1201025;1204787;1202601;1200149;1222417;1246239;1203306;1201004;1217400
1695036082.54896;10396.3;1507.61;0;1200190;1250621;1260222;1200127;1200172;1204373;1200468;1970637;1323224;1200073;1200087;1243080
1695036083.54058;10411.2;1510.83;0;1699982;1200123;1211066;1200156;1200181;1206968;1210693;1200040;1523386;1200071;1200082;1247739
1695036084.53138;10426.1;1514.02;0;1200147;1291983;1200099;1200144;1200154;1201483;1200099;1219555;1202116;1200069;1200085;1210156
1695036085.52510;10441;1517.15;0;1200262;1874712;1383359;1202265;1200148;1202054;1200088;1289672;1359357;1200891;1200082;1222688
1695036086.51651;10456;1520.39;0;1669147;1535977;1200046;1200136;1200114;1258346;1213937;1211355;1200217;1201660;1200100;1226656
1695036087.50879;10470.8;1523.53;0;1233380;1294176;1200042;1202104;1200117;1217912;1204296;1210133;1200249;1202495;1200118;1235226
1695036088.50081;10485.8;1526.71;0;1488783;1281949;1200047;1209162;1200116;1212484;1243426;1203209;1200273;1200561;1200104;1218814
1695036089.49211;10500.7;1529.92;0;1593578;1200638;1200049;1200142;1200120;1212771;1276288;1505794;1200292;1200082;1200110;1220107
1695036090.48422;10515.6;1533.18;0;1202584;1213064;1200050;1201187;1200166;1223195;1200708;1301813;1200290;1202398;1200089;1210164
1695036091.47629;10530.6;1536.4;0;1200121;1206109;1711018;1315100;1328254;1200102;1200141;1232236;1784692;1202040;1200093;1200146
1695036092.46799;10545.6;1539.62;0;1696237;1209367;1200065;1464288;1200112;1200144;1210293;1233270;1200298;1250785;1200118;1200147
1695036093.45995;10560.6;1542.84;0;1206748;1214603;1200068;1219572;1203487;1200816;1204250;1259304;1200241;1218018;1201137;1200213
1695036094.45195;10575.5;1546.08;0;1200148;1203290;1592301;1200250;1200083;1200154;1297263;1220170;1773955;1200683;1200132;1200169
1695036095.44385;10590.6;1549.35;0;1200194;1204586;1511779;1203877;1714677;1204879;1200087;1225490;1626590;1200974;1200084;1201188
1695036096.43537;10605.5;1552.59;0;1200169;1211023;1377205;1200390;1201218;1200167;1200067;1227580;1289729;1200360;1200991;1200124
1695036097.42684;10620.6;1555.84;0;1200284;1205743;1434492;1200073;1515900;1200168;1209567;1214965;1873656;1200273;1271725;1200104
1695036098.41944;10635.7;1559.08;0;1202103;1202017;1447497;1200054;1812483;1203810;1204324;1207923;1556935;1200327;1200242;1200338
1695036099.41033;10650.7;1562.33;0;1200231;1215160;1206376;1206285;1200028;1200175;1200084;1238525;1533190;1203953;1200146;1200087
1695036100.40299;10665.8;1565.57;0;1200361;1200671;1247213;1200059;1304147;1201139;1201248;1212665;1654436;1200322;1203523;1200234
1695036101.39440;10680.9;1568.84;0;1200205;1200649;1860200;1336264;1200067;1200191;1205166;1209222;1508191;1200332;1200243;1200083
1695036102.38619;10695.9;1572.05;0;1214781;1202581;1208052;1205152;1200062;1214153;1483688;1220309;1428305;1200746;1200433;1200701
1695036103.37086;10733.9;1576.36;0;3587477;3680754;3668483;3610521;3488451;3493188;3634014;3668230;3657091;3644754;2810484;2427938
1695036104.35597;10767.1;1581.05;0;2594255;2269968;2498560;2152466;2601501;2316822;2277424;2306857;2292654;2450663;2547554;2394283
1695036105.35179;10802.7;1585.89;0;2304999;2423013;2488686;2515396;2235937;2605556;2512074;2548918;2596878;2530143;2284331;2489458
1695036106.34255;10837.9;1590.65;0;2464128;2528335;2528185;2404692;2196526;2258225;2338568;2595916;2222224;2354296;2196784;2400671
1695036107.33307;10874;1595.5;0;2701656;2269382;2574076;2357435;2446725;2562602;2518614;2328474;2410915;2578221;2289836;2527207
1695036108.32146;10909.3;1600.27;0;2501354;2423398;2579220;2315103;2430584;2460179;2409098;2417937;2583806;2388134;2256179;2220306
1695036109.31081;10944.4;1605.05;0;2477273;2267692;2343827;2302576;2551020;2553405;2476768;2531751;2508433;2089387;2654062;2300328
1695036110.30434;10981.1;1609.89;0;2384317;2527889;2729695;2637015;2635857;2542935;2532567;2790150;2768651;2627928;2571726;2555030
1695036111.29841;11014.9;1614.56;0;2687320;2472423;2769329;2524625;2565164;2741458;2701513;2409759;2567746;2673276;2602684;2626666
1695036112.28989;11037;1618.56;0;2262768;2389796;1942722;2331117;2341467;2297322;2262027;2449416;2048961;2348114;2290954;2388651
1695036113.27446;11085.1;1623.54;0;3485601;3547036;3568118;3544411;3546518;3577931;3142913;3577912;3591682;3547908;3337139;3553460
1695036114.26522;11122.2;1628.45;0;2435605;2711404;2565711;2701112;2658679;2192837;2592740;2586851;2734577;2600549;2695681;2326555
1695036115.25574;11158.8;1633.29;0;2395954;2449384;2430431;2622074;2425957;2456279;2392669;2518336;2594885;2607232;2546419;2435951
1695036116.24666;11194.9;1638.14;0;1887244;2442547;2453000;2275657;2505253;2271256;2089073;2647811;2437384;2295121;2410121;2323833
1695036117.23821;11230.6;1642.98;0;2310273;2152436;2407386;2473433;1961721;2600887;2439602;2349178;2497230;2373467;2003902;2352434
1695036118.23163;11267.6;1647.89;0;2712112;2526660;2625446;2361147;2546333;2582582;2833477;2604491;2472135;2593527;2775840;2635978
1695036119.22275;11304.3;1652.81;0;2736453;2557054;2624742;2481366;2610936;2675173;2617234;2529176;2547023;2542862;2505068;2714504
1695036120.21007;11340.7;1657.67;0;2468823;2712329;2370138;2547605;2347038;2489674;2409445;2477257;2625480;2522300;2472274;2516195
1695036121.20756;11378.6;1662.63;0;2557048;2518926;2808668;2343781;2472590;2594311;2742544;2494089;2752175;2735095;2448969;2529768
1695036122.19763;11414.7;1667.49;0;2407213;2700003;2439031;2442751;2619528;2752565;2630649;2597873;2331386;2489195;2555461;2778400
1695036123.18517;11464.7;1672.54;0;3498003;3480850;3313583;3491450;3346973;3485457;3456384;3563951;3497628;3516953;3376713;3297349
1695036124.18048;11498.5;1677.32;0;2458376;2550908;2311634;2354784;2536412;2370887;2585108;2481237;2476516;2285321;2208469;2056424
1695036125.16408;11536;1682.28;0;2676559;2372972;2422115;2725729;2662145;2397654;2646569;2698968;2143370;2650835;2698554;2401166
1695036126.15966;11571.1;1687.03;0;2418636;2459053;2650530;2490772;2201833;2602696;2258400;2401581;2535878;2334987;2216736;2551211
1695036127.15037;11607.1;1691.86;0;2207979;2294538;2559906;2527482;2453193;2278046;2234345;2309165;2574661;2396003;2533773;2291123
1695036128.14306;11643.5;1696.72;0;2543321;2637754;2748384;2489622;2522145;2673186;2220216;2247563;2614614;2631676;2423266;2647247
1695036129.13672;11677.2;1701.49;0;2448102;2449474;2291594;2478223;2122339;2292700;2390993;2283756;2171172;2330359;2281047;2432924
1695036130.12303;11712.5;1706.37;0;2526177;2306313;2637393;2481790;2210892;2410289;2356530;2410666;2496425;2455562;2299575;2525599
1695036131.10965;11749.3;1711.22;0;2822715;2401294;2310471;2291198;2516594;2776734;2618340;2431103;2499818;2225839;2572108;2983995
1695036132.10226;11785.9;1716.08;0;2237488;2344450;2130663;2516696;2548314;2471860;2460004;2479195;2078088;2375165;2442374;2514276
1695036133.9092;11835.3;1721.08;0;3557444;3534324;3405941;3503326;3516737;3504611;3579821;3464610;3290294;3529711;3447786;3389596
1695036134.8426;11870.8;1725.91;0;2347673;2618466;2581862;2563331;2175539;2259862;2549912;2630973;2437196;2571454;2241556;2229712
1695036135.7622;11907.1;1730.72;0;2453535;2405404;2518490;2250968;2233397;2495914;2423900;2430759;2658297;2451740;2749584;2355494
1695036136.6271;11941.4;1735.49;0;2626943;2543690;2307147;2511969;2249005;2289763;2599615;2480480;2243615;2449964;2260663;2284890
1695036137.5391;11977.2;1740.31;0;2105193;2442774;2359786;2206409;2515489;2232218;2119510;2558437;2202487;2322459;2442182;2260826
1695036138.5489;12012.9;1745.1;0;2461680;2741740;2551121;2484854;2296799;2516454;2350682;2530357;2387179;2394448;2659300;2514079
1695036139.3655;12048.5;1749.98;0;2399693;2296930;2342046;2437838;2453238;2227924;2389800;2515533;2163143;2449204;2551176;2472014
1695036140.3177;12082.9;1754.72;0;2206936;2264559;2293144;2638148;2432401;2451450;2141322;2383202;2457476;2429337;2385681;2314657
1695036141.1798;12116.1;1759.43;0;2289749;2299019;2279516;2356144;2379765;2182934;2062432;2290735;2240108;2158414;2411229;2408138
1695036142.991;12152;1764.24;0;2390473;2483930;2201882;2593620;2225528;2452075;2540417;2376314;2200146;2632514;2477793;2334901
1695036143.756;12185.3;1769;0;2378136;2284943;2376355;2172219;2355595;2647847;2273440;2196008;2346094;2267073;2206235;2320225
1695036143.999285;12221.9;1773.88;0;2520671;2512488;2279438;2630309;2420733;2313031;2525822;2496920;2375549;2578680;2394769;2098291
1695036144.998747;12258.3;1778.75;0;2824367;2624198;2690975;2516234;2500693;2543157;2531314;2442319;2460816;2477722;2486492;2202840
1695036145.997639;12292.4;1783.45;0;2449169;2412007;2347854;2658818;2229925;2364702;2446709;2158647;2438922;2678425;2188381;2300211
1695036146.997061;12327.2;1788.26;0;2228912;2445122;2396704;2208809;2090192;2309970;2266917;2367551;2234207;2284549;2278205;2368267
1695036147.996236;12362.1;1793.05;0;2254373;2287444;2274028;2140062;2087681;2393561;2303813;2290162;2237554;2270673;2187738;2225973
1695036148.995110;12398.5;1797.91;0;2585771;2634125;2703508;2493141;2084698;2474001;2519624;2538462;2569982;2390869;2160086;2379868
1695036149.993698;12434;1802.76;0;2404204;2308854;2488314;2288825;2407705;2390274;2400551;2104063;2390203;2314158;2035176;2373382
1695036150.992609;12469.1;1807.53;0;2356859;2369936;2526800;2167099;2315406;2248344;2243577;2348056;2445385;2328373;2295080;2202909
1695036151.992182;12502.7;1812.28;0;2288986;2119717;2258824;2311816;2079227;2016667;2191706;2297452;2227015;2443057;2295575;2132279
1695036152.991064;12538.3;1817.09;0;2453299;2543708;2373275;2247049;2254077;2783517;2568349;2460455;2359041;2523693;2481722;2702765
1695036153.990531;12574.1;1821.93;0;2357004;2225039;2504570;2553153;2382026;2210889;2244402;2224864;2363301;2542157;2304208;2326421
1695036154.989271;12608.9;1826.7;0;2267431;2097657;2333499;2368494;2358633;2290859;2436206;2655417;2401471;2328118;2421770;2122589
1695036155.988643;12644.2;1831.49;0;2186748;2220784;2416319;2421596;2562493;2194285;2308331;2162628;2175955;2480148;2426020;2133529
1695036156.987473;12678.2;1836.24;0;2406310;2518177;2001367;2246407;2060511;2576557;2491140;2218252;2073405;2342833;1969202;2504691
1695036157.986562;12713.2;1841;0;2344628;2345207;2383506;2309904;2284029;2319207;2407906;2313914;2336143;2180722;2302486;2368537
1695036158.985443;12748.5;1845.78;0;2425449;2362653;2422797;2314322;2165179;2467188;2506814;2251186;2538645;2414948;2119112;2379947
1695036159.985269;12782.3;1850.56;0;2514959;2241907;2491273;2195473;2443288;2383042;2410280;2281070;2518024;2214456;2276597;2354160
1695036160.984546;12818.5;1855.43;0;2520409;2635024;2559538;2589943;2479343;2454150;2710555;2579977;2553455;2281878;2264735;2594874
1695036161.983220;12852.3;1860.11;0;2095727;2416528;2476400;2393571;2426834;2486797;2162012;2374513;2322014;2373984;2223610;2519345
1695036162.981979;12887.9;1864.96;0;2574982;2275263;2940551;2394924;2304896;2391347;2471242;2294535;2576192;2194930;2444282;2398892
1695036163.981513;12923.9;1869.76;0;2276676;2405041;2296892;2394417;2447613;2406725;2365807;2326960;2374639;2415512;2435617;2313984
1695036164.980003;12956.8;1874.44;0;2374715;2321337;2647371;2689573;2180096;2148462;2267155;2411134;2400031;2364841;2191515;2226215
1695036165.979835;12992.7;1879.23;0;2245587;2282512;2547437;2392550;2358603;2424534;2184672;2239533;2443686;2279183;2340547;2255801
1695036166.978445;13026.9;1883.99;0;2418802;2273804;2465436;2342523;2465654;2219107;2262651;2250381;2397838;2204871;2517128;2251987
1695036167.977240;13061.6;1888.76;0;2391446;2669476;2120847;2322938;2186581;2368842;2548650;2641437;2316475;2361589;2307916;2672868
1695036168.976456;13098;1893.62;0;2439879;2683862;2449641;2402570;2372576;2714300;2379781;2429384;2347830;2267412;2395692;2504574
1695036169.975569;13131.8;1898.37;0;2193329;2553118;2422834;2442453;2252516;2380848;2219927;2546371;2537574;2517288;2238764;2398713
1695036170.975102;13166.4;1903.13;0;2344297;2371780;2304479;2580661;2289943;2206578;2111048;2325099;2412153;2463893;2335457;2256911
1695036171.974404;13201.5;1907.94;0;2335819;2052449;2466428;2439969;2288102;2682561;2117289;2085321;2353200;2489486;2340101;2421305
1695036172.973228;13238;1912.78;0;2326751;2783557;2557399;2511684;2314365;2424164;2401333;2517293;2766689;2624814;2409795;2579374
1695036173.972310;13273.6;1917.61;0;2411564;2457795;2283511;2327239;2058804;2317688;2478450;2561734;2298811;2585350;2231186;2537270
1695036174.971078;13308.6;1922.43;0;2510858;2223338;2058332;2459858;2276574;2297412;2678832;2282769;2133629;2312394;2083531;2154602
1695036175.969950;13343.9;1927.23;0;2412517;2205685;2581925;2221112;2425179;2097038;2320620;2304806;2434173;2419835;2424654;2308411
1695036176.969273;13380.5;1932.08;0;2379802;2754540;2882110;2366086;2432949;2537985;2302394;2569531;2757889;2564971;2513492;2404850
1695036177.968902;13415.8;1936.9;0;2181038;2456560;2460353;2323039;2371303;2327882;1961574;2254314;2122813;2448336;2638081;2341123
1695036178.968261;13451.1;1941.68;0;2522461;2426547;2338113;2396619;2512358;2411688;2553864;2233902;2346638;2324233;2390002;2440000
1695036179.967707;13485.2;1946.46;0;2217479;2429894;2147599;2242152;2308187;2388415;2055517;2408510;2154173;1945850;2309934;2438885
1695036180.965685;13521.2;1951.28;0;2367177;2441965;2675793;2461974;2337004;2617793;2570040;2403336;2644508;2437781;2141310;2511304
1695036181.964677;13556.4;1956.06;0;2321802;2265370;2503754;2458328;2284631;2405434;2197016;2265079;2443686;2540244;2225196;2577936
1695036182.964582;13588.9;1960.77;0;2212236;2255554;2455427;2390571;2418850;2402152;2291376;2131922;2185282;2334333;2287756;2539821
1695036183.962827;13623.8;1965.53;0;2426396;2436466;2312054;2459688;2393954;2489692;2501430;2536327;2207784;2536510;2250239;2414181
1695036184.962227;13659.4;1970.33;0;2552796;2484261;2307367;2352761;2595459;2535360;2645366;2414120;2280593;2355638;2351434;2508579
1695036185.961165;13693.8;1975.07;0;2336923;2617310;2508535;2290166;2324256;2527684;2196750;2518196;2409644;2304165;2137122;2283739
1695036186.960473;13727.8;1979.82;0;2195271;2346435;2367293;2015419;2120288;2142510;2319806;2329243;2330683;2279520;2052120;2182946
1695036187.960322;13762;1984.59;0;2369195;2385511;2302823;2266378;2114516;2296761;2297111;2323993;2583968;2184472;1937776;2151655
1695036188.958855;13797.2;1989.45;0;2707536;2245899;2493931;2414941;2392595;2349454;2547009;2395783;2517521;2436396;2217655;2326151
1695036189.958290;13832.9;1994.3;0;2127942;2294391;2328216;2306555;2389850;2535886;2088830;2199201;2153317;2349104;2437835;2408912
1695036190.957085;13868.4;1999.16;0;2219348;2209307;2390544;2217753;2213614;2615436;2430646;2216649;2315296;2154581;2233114;2457838
1695036191.955658;13903;2003.94;0;2299682;2474549;2338805;2441616;2133966;2101390;2186532;2362252;2363191;2347497;2167637;2069546
1695036192.955300;13939;2008.8;0;2649431;2330370;2276810;2337919;2437147;2617060;2608199;2554655;2335678;2401583;2463853;2773720
1695036193.954528;13974.2;2013.64;0;2348165;2255112;2339300;2173622;2241772;2351930;2204571;2180169;2151800;2126995;2468201;2594291
1695036194.953288;14010.2;2018.49;0;2525830;2368987;2301392;2348518;2595269;2432289;2693101;2209489;2372472;2226321;2389702;2546502
1695036195.952370;14044.5;2023.2;0;2201061;2335763;2305840;2110040;2077905;2155338;2316482;2154022;2289303;2201617;2194472;2300551
1695036196.951410;14079.4;2027.95;0;2363751;2454442;2314578;2197138;2352124;2273016;2542270;2607457;2423147;2281794;2418476;2382006
1695036197.950767;14113.6;2032.76;0;2479044;2226906;2298326;2385895;1999599;2276861;2166563;2118121;2259612;2273307;1851447;2385425
1695036198.949310;14146.1;2037.4;0;1961470;2238489;2072333;2338075;2301555;2260434;2138090;2136828;2319949;2118467;2007090;2068860
1695036199.948503;14179.6;2042.09;0;2265335;2408245;2252303;2145401;2177871;2486309;2278709;2336996;2197222;2146128;2194013;2277522
1695036200.947549;14213.8;2046.86;0;2198683;2218305;2185179;2411232;2187464;1932135;2138046;2201934;2319579;2276719;2250633;2028575
1695036201.947043;14249.1;2051.69;0;2119023;2161762;2425239;2435279;2349736;2771287;2369711;2420143;2115127;2188504;2251845;2653612
1695036202.946422;14283.7;2056.46;0;1961819;2191587;2227031;2153676;2221559;2047385;1781633;2135718;2000365;2250952;2412090;2169481
1695036203.945010;14317.4;2061.2;0;2227944;2553588;2244236;2479007;2203183;1986038;2133250;2260059;2265366;2417383;2208371;1967018
1695036204.944151;14349.6;2065.92;0;2298399;2195460;2286172;1765576;1911811;2620836;2350870;2034307;2030897;2029450;1909569;2475527
1695036205.943179;14378.3;2070.51;0;1879480;1970601;2109384;1891545;1857937;1820429;1886367;1684202;2026956;1878590;1743926;2101767
1695036206.942930;14405.2;2075.03;0;1603925;2007438;1835279;1774579;2109602;1866122;1745216;1704371;1990186;1902798;2146326;2038322
1695036207.941757;14427.1;2079.47;0;1794904;1523634;2355419;1560489;2085126;1427209;1543052;1398237;2047895;2255118;1975193;1764456
1695036208.940534;14449.7;2084;0;1648648;1685718;1934409;1696591;2130862;2576253;2689214;2685693;1541131;1909826;2422810;1665691
1695036209.940551;14465.5;2087.34;0;1201656;1225420;1266109;1263312;1256085;1377574;1201093;1370926;1282652;1519524;1974839;1510245
1695036210.939670;14480.7;2090.59;0;1200084;1202380;1208815;1202963;1214104;1388045;1200143;1201679;1246581;1201006;1203178;1207569
1695036211.938859;14495.8;2093.83;0;1200086;1296192;1205151;1200688;1229622;1463635;1200165;1275803;1202812;1201710;1204991;1798042
1695036212.938155;14511.5;2097.19;0;1284769;1267793;1275193;1289945;1275097;1234653;1290886;1298763;1537752;1352887;1223753;1314979
1695036213.937240;14527.2;2100.51;0;1208385;1236808;1205828;1300030;1280082;1344704;1261341;1225160;1249587;1224003;1290402;1405234
1695036214.936502;14542.2;2103.72;0;1200128;1467061;1267123;1213938;1211353;1208969;1200129;1390536;1200297;1202944;1208316;1222878
1695036215.935655;14557;2106.93;0;1217836;1204454;1200108;1200077;1209242;1200214;1830857;1351004;1200117;1200244;1200274;1200078
1695036216.934792;14572;2110.17;0;1200097;1200131;1200104;1200070;1224235;1329406;1200170;1200027;1200129;1200205;1200484;1217652
1695036217.934028;14586.9;2113.34;0;1200080;1202469;1200104;1201782;1219188;1393520;1200606;1332338;1200120;1215940;1201284;2101174
1695036218.932701;14601.7;2116.5;0;1200080;1202382;1215060;1202423;1747589;1677449;1200231;1206533;1204564;1210823;1470873;1225891
1695036219.932176;14616.5;2119.71;0;1200073;1200383;1203353;1200203;1346075;1207821;1244413;1200522;1200393;1201447;1226517;1209264
1695036220.931547;14631.4;2122.88;0;1200074;1233494;1205690;1201137;1278646;1300520;1200316;1277596;1202715;1218989;1205125;1229813
1695036221.930681;14646.3;2126.1;0;1691192;1200086;1200090;1200067;1206127;1200067;1787093;1200175;1259485;1200332;1200131;1200109
1695036222.929853;14661.2;2129.3;0;1201980;1200403;1201043;1200090;1205346;1207876;1372567;1206099;1721852;1200156;1200294;1202744
1695036223.928985;14676;2132.48;0;1232715;1200138;1200094;1200101;1231538;1201468;1245933;1200036;1200177;1200167;1213687;1202324
1695036224.928053;14691.1;2135.72;0;1386478;1402737;1291837;1296613;1342175;1374477;1379767;1761927;1949779;1595510;1298946;1306527
1695036225.927256;14706;2138.91;0;1210477;1221690;1201304;1200296;1252003;1209875;1201620;1464103;1202358;1201164;1206901;1226853
1695036226.926395;14721;2142.12;0;1200086;1217257;1200091;1206421;1227134;1201357;1369949;1870722;1200121;1203136;1202743;1240407
1695036227.925566;14735.8;2145.31;0;1216802;1200134;1200865;1200480;1219087;1676888;1209543;1200120;1206385;1226109;1207447;1202158
1695036228.924904;14750.8;2148.52;0;1200354;1200148;1200085;1215232;1210562;1200102;1200042;1200042;1200167;1549429;1203624;1200130
1695036229.923854;14765.7;2151.75;0;1200349;1211963;1200144;1200091;1218269;1200746;1200041;1664992;1200112;1335818;1205770;1202072
1695036230.923178;14780.5;2154.95;0;1223112;1210082;1200093;1200091;1218627;1200242;1637275;1368121;1200150;1200165;1200842;1200284
1695036231.922356;14795.4;2158.11;0;1200065;1213722;1200079;1200374;1223949;1203541;1200053;1252719;1200145;1200555;1201121;1200968
1695036232.921597;14810.3;2161.29;0;1200057;1824296;1200094;1311975;1216314;1200654;1200100;1762290;1200141;1357954;1201158;1202377
1695036233.920663;14825.2;2164.5;0;1206864;1200253;1200069;1200066;1215779;1245348;1223367;1200098;1200096;1200168;1210832;1230512
1695036234.919800;14840.1;2167.7;0;1210445;1557399;1200448;1200074;1219287;1200998;1331702;1322897;1204480;1200126;1201249;1217535
1695036235.918831;14855;2170.86;0;1234857;1206609;1200128;1200137;1224276;1200683;1253473;1764980;1200136;1200089;1202645;1214696
1695036236.918066;14869.9;2174.05;0;1200276;1200053;1200092;1200074;1227041;1674694;1200074;1200335;1200190;1200178;1228583;1239837
1695036237.917317;14884.7;2177.24;0;1200264;1209351;1200072;1200066;1232760;1639745;1200074;1349244;1200239;1200283;1232355;1210004
1695036238.916384;14899.6;2180.44;0;1200211;1219674;1209253;1200061;1231644;1204488;1200074;1551817;1212834;1200264;1230640;1201483
1695036239.915472;14914.4;2183.61;0;1200326;1382251;1200059;1201483;1222644;1230644;1200561;1222343;1200159;1237806;1228116;1201399
1695036240.914830;14929.3;2186.81;0;1200294;1898373;1200079;1200084;1200098;1263312;1200083;1568410;1200116;1418970;1200117;1237125
1695036241.913964;14944.2;2189.98;0;1200306;1207519;1200136;1200066;1200749;1239009;1200083;1428932;1298889;1200186;1200908;1227606
1695036242.913081;14959;2193.16;0;1200264;1419594;1200087;1201505;1200096;1235178;1200064;1617924;1235962;1205761;1212495;1214040
1695036243.912611;14973.9;2196.38;0;1200290;1200128;1213471;1200084;1200096;1207243;1200054;1856027;1473874;1200267;1200275;1209443
1695036244.911436;14988.8;2199.56;0;1200272;1213354;1200041;1200077;1200092;1255097;1200048;1270753;1200502;1200317;1200256;1258945
1695036245.910554;15003.6;2202.78;0;1200205;1635388;1200072;1205204;1200111;1219129;1200066;1225665;1200175;1324487;1200199;1215553
1695036246.909853;15018.6;2206.02;0;1701755;1200294;1200125;1200082;1200161;1216316;1581352;1435385;1200102;1200142;1200260;1216476
1695036247.909009;15033.5;2209.24;0;1227886;1271231;1200157;1206170;1212529;1240834;1714439;1404937;1200090;1268201;1214455;1246353
1695036248.908096;15048.3;2212.44;0;1206573;1331779;1200138;1200311;1201044;1232952;1200988;1504185;1200091;1229320;1200269;1218842
1695036249.907544;15063.2;2215.66;0;1200157;1263597;1200161;1200105;1200293;1222934;1200091;2034889;1200088;1200122;1362934;1224715
1695036250.906565;15078.3;2218.96;0;1204850;1886740;1200103;1215150;1202052;1222021;1203914;1233220;1200086;1927943;1228742;1223270
1695036251.905945;15093.2;2222.16;0;1215994;1308637;1206216;1200101;1305484;1202443;1214468;1483450;1223929;1200163;1210129;1204596
1695036252.904930;15108.1;2225.4;0;1202763;1208855;1282712;1794165;1200115;1200176;1556818;1200109;1222618;1381180;1444453;1200085
1695036253.904226;15122.9;2228.62;0;1200063;1200156;1210563;1201763;1736151;1223425;1200527;1200111;1234184;1200128;1202420;1406858
1695036254.903228;15137.8;2231.81;0;1200050;1206751;1207714;1200159;1208895;1202019;1200170;1201010;1220690;1200116;1237418;1206069
1695036255.902418;15152.7;2235.08;0;1200069;1243583;1202304;1218597;1242516;1200125;1200112;1200560;1200101;1230469;1545771;1236742
1695036256.901871;15167.6;2238.32;0;1200068;1478268;1200141;1208474;1984758;1200106;1200090;1230782;1200105;1213293;1210414;1200096
1695036257.901004;15182.5;2241.52;0;1200070;1200279;1211392;1219519;1200058;1212969;1200110;1200382;1202445;1214923;1200393;1345574
1695036258.899945;15197.5;2244.77;0;1422638;1200102;1200138;1213247;1200068;1201290;2932432;1200115;1200078;1216172;1200372;1683668
1695036259.898993;15212.5;2248.03;0;1312868;1200158;1219794;2732142;1200061;1686906;1207220;1200093;1200104;1308777;1200521;1500148
1695036260.898252;15227.5;2251.26;0;1201241;1349514;1200274;1201224;1203259;1210207;1227184;1821646;1200110;1201876;1205896;1261101
1695036261.897336;15242.4;2254.5;0;1220191;1296494;1200373;1200115;1200099;1205786;1408210;1522097;1200105;1200065;1200246;1205965
1695036262.896539;15257.5;2257.71;0;1200155;1510240;1315138;1200073;1208405;1210121;1303463;1870794;1200106;1200293;1203311;1201249
1695036263.895748;15272.4;2260.9;0;1206150;1542321;1200261;1210651;1200076;1200096;1232650;1228085;1382861;1213748;1200287;1200083
1695036264.895020;15287.3;2264.1;0;1214382;1229452;1201355;1200097;1200103;1214964;1261102;1219183;1202808;1200140;1200187;1217144
1695036265.894001;15302.2;2267.28;0;1204121;1508031;1200149;1200089;1270907;1207166;1226327;1779539;1200122;1200159;1200194;1208368
1695036266.893317;15317.1;2270.51;0;1205070;1825851;1203878;1206156;1200105;1209871;1224186;1637629;1200340;1431431;1200123;1216498
1695036267.892603;15332;2273.64;0;1200208;1234936;1206308;1200083;1483478;1203098;1200063;1252719;1203878;1200232;1205413;1200106
1695036268.891831;15347;2276.83;0;1200087;1207351;1200150;1263990;1200109;1200087;1200093;1238795;1200112;1382858;1201245;1202165
1695036269.890961;15362;2280.07;0;1200808;1211652;1200105;1212706;1201542;1200836;1223049;1203053;1200092;2520791;1200891;1419655
1695036270.890125;15377;2283.3;0;1200071;1200127;1200081;1810691;1200577;1211692;1200302;1200099;1200106;1200183;1228163;1395811
1695036271.889423;15392;2286.54;0;1200084;1200106;1200039;1200063;1200103;1253839;1200273;1200859;1212831;1200313;1200113;1452435
1695036272.888447;15406.8;2289.76;0;1200100;1205414;1200080;1200069;1200126;1943976;1200163;1201613;1200139;1337537;1213684;1540869
1695036273.887635;15421.7;2292.95;0;1200085;1207479;1206931;1200070;1200780;1432618;1200199;1203771;1527544;1242088;1238856;1469582
1695036274.886413;15436.5;2296.14;0;1200087;1200165;1201885;1200064;1200088;1200497;1200206;1200090;1200855;1200248;1200104;1233315
1695036275.885911;15451.2;2299.32;0;1200236;1200089;1200105;1212473;1221805;1236437;1200442;1200194;1200082;1201073;1373839;1286612
1695036276.885151;15466.2;2302.58;0;1200373;1479328;1200100;1268211;1200080;1233947;1201724;1544287;1200081;1200159;1211433;1261903
1695036277.884338;15481.1;2305.83;0;1200120;1459425;1200172;1277840;1201254;1200066;1200164;1917317;1200067;1469979;1213405;1200178
1695036278.883598;15496;2309.05;0;1200131;1213354;1200140;1864451;1201177;1220132;1200121;1207540;1200076;1203210;1215381;1203105
1695036279.882691;15510.8;2312.21;0;1200144;1219875;1200183;1202765;1200068;1212581;1200291;1231058;1200063;1205561;1200310;1217306
1695036280.881921;15525.7;2315.43;0;1200089;1200313;1200190;1200459;1403209;1263235;1200200;1200089;1200069;1297229;1535275;1243303
1695036281.881090;15540.6;2318.6;0;1200083;1451898;1200085;1200139;1645611;1268132;1200219;1200093;1200102;1200087;1210332;1230436
1695036282.880337;15555.5;2321.82;0;1200891;1200133;1273736;1200303;1200095;1354661;1207645;1200029;1216878;1200978;1200163;1234669
1695036283.879430;15570.5;2325.03;0;1200090;1214873;1298489;1200182;1200141;1283191;1200207;1708935;1223412;1200078;1200077;1203333
1695036284.878687;15585.6;2328.3;0;1200090;1295433;1460842;1200174;1225562;1200144;1200160;1206412;1908115;1200116;1214837;1200087
1695036285.877873;15600.4;2331.51;0;1200094;1201817;1201766;1203038;1221622;1200156;1200175;1231898;1221881;1552396;1217720;1200112
1695036286.877132;15615.4;2334.76;0;1364346;1200072;1200231;1204438;1225197;1200161;1432835;1200293;1200548;1207637;1219494;1204037
1695036287.876245;15630.3;2337.96;0;1221437;1200068;1200222;1204954;1207816;1201066;2084955;1200322;1200071;1331707;1219838;1200676
1695036288.875361;15645.3;2341.18;0;1228598;1200073;1200255;1200157;1210526;1200554;1384282;1200272;1200077;1200031;1234613;1206480
1695036289.874520;15660.1;2344.34;0;1200096;1200068;1200255;1672896;1206397;1304143;1200174;1200327;1200080;1510389;1214609;1206093
1695036290.873875;15675.1;2347.58;0;1200154;1200073;1200493;1229633;1200253;1514208;1200083;1200338;1200146;1688632;1205361;1214502
1695036291.873001;15690.1;2350.8;0;1200088;1202482;1200655;1203696;1226958;1322502;1200171;1201322;1200219;1204682;1256777;1425501
1695036292.872166;15705.1;2354.04;0;1211430;1200091;1206114;1209616;1200078;1201936;1221924;1200446;1225024;1343714;1200250;1200526
1695036293.871341;15720.1;2357.25;0;1217682;1200098;1564754;1204845;1200082;1200077;1228727;1200631;1271524;1508734;1200263;1200137
1695036294.870510;15735.2;2360.5;0;1247421;1200098;1200100;1208860;1200078;1202062;1254895;1200542;1244347;1235789;1200226;1202296
1695036295.869745;15750.1;2363.71;0;1237382;1200086;1235427;1200711;1208221;1547177;1234798;1200512;1214296;1200086;1211472;1230591
1695036296.868970;15765.2;2366.97;0;1225461;1200090;1200103;1202257;1200090;1269123;1230512;1200571;1200144;1202569;1508716;1719659
1695036297.868093;15780.1;2370.22;0;1230441;1200089;1200118;1200348;1200385;1217848;1244975;1200373;1200140;1201692;1341035;1226658
1695036298.867195;15795.1;2373.48;0;1209825;1200088;1200114;1241716;1200092;1245913;1205761;1200374;1209072;1503620;1200218;1202143
1695036299.866389;15810.1;2376.74;0;1211358;1200088;1200276;1200122;1200097;1256694;1217153;1200498;1200079;1200169;1590010;1687576
1695036300.865474;15825.1;2379.98;0;1225290;1200087;1200432;1200106;1205872;1280053;1242375;1200500;1200531;1200181;1513952;1206735
1695036301.864760;15840.1;2383.24;0;1242657;1201122;1227848;1200128;1200073;1200432;1220955;1203284;1536921;1200148;1200223;1201434
1695036302.863727;15855.2;2386.51;0;1209824;1200078;1200350;1204417;1200078;1200483;1216736;1200487;1315901;1736816;1200250;1248789
1695036303.861954;15875.8;2390.01;0;3663247;3242101;3605767;3357846;3495520;3503395;3484396;3570650;3349664;3379782;3368279;3578872
1695036304.860858;15958.5;2395.61;0;3798967;3782703;3790348;3791289;3776659;3788376;3802569;3778379;3791896;3790560;3769318;3786427
1695036305.859751;16045.9;2401.01;0;3799313;3796887;3780911;3771208;3780825;3785329;3798943;3796636;3777170;3789449;3771486;3787004
1695036306.859037;16131.1;2406.36;0;3772112;3799999;3776891;3792293;3799276;3799999;3754818;3799999;3795284;3791405;3798789;3799999
1695036307.857884;16194.4;2412.02;0;3795619;3754598;3779342;3783003;3776279;3781430;3766511;3756531;3787358;3782698;3756260;3776848
1695036308.857479;16248.4;2417.56;0;3541100;3644375;3505044;3586700;3553194;3592632;3575846;3621746;3542996;3543776;3509622;3525995
1695036309.856087;16301.4;2423.05;0;3625030;3511713;3511074;3604186;3544549;3611813;3606655;3636190;3605714;3589724;3546814;3497071
1695036310.855076;16346.5;2428.4;0;3259594;3119917;3278736;3216006;3108587;3193277;3117493;3129380;3290735;3226338;3076409;3091418
1695036311.854188;16396.1;2433.81;0;3470751;3463915;3430796;3370905;3402085;3471888;3418952;3232542;3380231;3437908;3425205;3385419
1695036312.853782;16442.5;2439.18;0;3238103;3359588;3046977;3333049;3443481;3348815;3435138;3254993;3192660;3126180;3335131;3163801
1695036313.852469;16494.6;2444.57;0;3579452;3517691;3494973;3556238;3419522;3525872;3485073;3441266;3467070;3482742;3356362;3497587
1695036314.851540;16576.6;2449.98;0;3760726;3784679;3799996;3800000;3785366;3789929;3783632;3783147;3799996;3800000;3784600;3790786
1695036315.850470;16656.4;2455.33;0;3754330;3771159;3799785;3791479;3773932;3800000;3789398;3782191;3797750;3799632;3751500;3800000
1695036316.849543;16728.5;2460.71;0;3767714;3800000;3758182;3780218;3781034;3781212;3699151;3799994;3778442;3786143;3780476;3788729
1695036317.848586;16775;2466.01;0;3137578;3279663;3268677;3090571;3302124;3382052;3164698;3038731;3362364;3403418;3239636;3067579
1695036318.847647;16818.8;2471.31;0;3115491;3084696;3027638;3165173;3159882;3207334;3154165;2946732;2909127;3095396;2990391;2925816
1695036319.846736;16863.5;2476.61;0;2926724;2995634;3120834;3275027;3131736;3250394;3184914;3056044;2891826;3052284;3158184;2928004
1695036320.846222;16908.4;2481.88;0;3064089;3178657;3253889;3015164;3184451;3159564;3292983;3054506;3098087;2944520;3028800;2968083
1695036321.844907;16951.7;2487.11;0;3005438;2963519;2957899;2704099;3038236;3201758;2959503;2829056;2967631;2826358;3007529;2990390
1695036322.843999;16996.2;2492.42;0;3216198;3154704;3094351;2793543;3105872;3189638;3044960;2992694;3105993;2902226;3013861;3146638
1695036323.842983;17044;2497.74;0;3279625;3221002;3283522;3186417;3352828;3463316;3146988;3081473;3269602;3117876;3152626;3351256
1695036324.842221;17124.5;2503.21;0;3789734;3789381;3799992;3787552;3796441;3791754;3790384;3773371;3799990;3786040;3797009;3797575
1695036325.841314;17204.8;2508.59;0;3754075;3751873;3799996;3799997;3799999;3793576;3795019;3783136;3799996;3799999;3799999;3791980
1695036326.840668;17276.4;2514.01;0;3783665;3799997;3787807;3787950;3790029;3749006;3758125;3799993;3793161;3788968;3789160;3705427
1695036327.839372;17328.4;2519.35;0;3418104;3577746;3473682;3609448;3399132;3692715;3454037;3291655;3434451;3670775;3435839;3323579
1695036328.838612;17372.5;2524.61;0;3054033;3089325;3170660;2748563;2928655;3162374;3212170;3117721;3080663;2775032;3019669;2889540
1695036329.837547;17416.1;2529.87;0;2977496;2984681;3104878;2896012;2936287;3240717;3052397;3078121;2838112;2803006;3145113;2951056
1695036330.836656;17458;2535.13;0;2883912;2867814;2837186;2744810;2882240;2689342;2750871;3086550;2723679;2605296;2983418;2657678
1695036331.835835;17501.3;2540.35;0;3065164;3093669;2835473;2968035;3032148;3163512;3184882;3007054;2814179;2845798;3005849;2908514
1695036332.834741;17544.9;2545.62;0;2999432;2951166;2822681;2599437;3284000;3178475;3104563;2964553;2803355;2623652;2889021;3098148
1695036333.833768;17592.6;2550.99;0;3388560;3380254;3241855;3062190;3386323;3446527;3373483;3302557;3306226;3017861;3314588;3325804
1695036334.832879;17667.3;2556.43;0;3799986;3780117;3799980;3562056;3796049;3800000;3799963;3794629;3799958;3702321;3795341;3799999
1695036335.832058;17748.4;2561.83;0;3799975;3798864;3799990;3798414;3768441;3799994;3799963;3798200;3799985;3799295;3796603;3799997
1695036336.830966;17822.5;2567.23;0;3790049;3794624;3786781;3741875;3799996;3798579;3785129;3788036;3788450;3689040;3800000;3796894
1695036337.830567;17872.2;2572.57;0;3344527;3618901;3467977;3057414;3316927;3691241;3257980;3375375;3383778;3055828;3570462;3317781
1695036338.829542;17915.1;2577.78;0;2967968;2918513;3057557;2711073;3006058;2995016;2982235;3009001;3146263;2651706;2979318;2867189
1695036339.828273;17959.1;2583.04;0;2930141;3114841;3033414;2826160;3010862;3083931;3031569;3043999;3282725;2758941;2992367;2977598
1695036340.827484;18006.9;2588.36;0;3329948;3321912;3362761;3083128;3316269;3265382;3249959;3575286;3463615;2935900;3449502;3270830
1695036341.826309;18052.3;2593.67;0;3147612;3528085;3071474;2948964;3241112;2990407;3046248;2986120;3054959;2886531;3140220;2869060
1695036342.825463;18098.6;2598.98;0;3219689;3209208;3640545;3108718;3261194;3254093;3367930;3272154;3432907;2979595;3265080;3251915
1695036343.824495;18143.8;2604.25;0;2964309;2835053;3294705;2951407;3128108;3095335;3222739;2914692;3343903;2903400;3139228;3041334
1695036344.823949;18188.7;2609.53;0;3176477;2926800;3330320;3012833;3141351;3122902;3243401;2848705;3268804;3100452;3212643;3191640
1695036345.822694;18234.3;2614.86;0;3133562;2890403;3293729;3018308;3197179;3173418;3228258;2842629;3427349;2972649;3083294;3273085
1695036346.821749;18280.3;2620.18;0;3053854;2883882;3305314;2945225;3102119;3219237;3418679;2794284;3197444;3108025;3146661;3084589
1695036347.820827;18326.3;2625.5;0;3262238;2948874;3199957;3053020;3250844;3168313;3332382;2858560;3171033;2904915;3161163;3215680
1695036348.819819;18374.8;2630.86;0;3218577;3156126;3363871;3102775;3459064;3310115;3603683;3132589;3409531;3009660;3398069;3532058
1695036349.819278;18418.4;2636.1;0;3143410;2863257;2957960;2946213;3140904;3048739;3266212;2803286;2899426;2791838;3156200;2973642
1695036350.818185;18466.7;2641.42;0;3582031;2964642;3458132;3067050;3322896;3355490;3390030;2982687;3275571;2930858;3385393;3296537
1695036351.817049;18511.8;2646.7;0;3280327;2869305;2981020;3198890;3208444;3133201;3097066;2722599;2952169;2785497;3161981;2969595
1695036352.816510;18556;2651.99;0;3185856;2915641;2970729;2888265;3195000;3064343;3015755;2820079;3335715;2824598;3050944;2932452
1695036353.815357;18604.1;2657.29;0;3647121;2990759;3413570;3123110;3300343;3378394;3249318;3003049;3545387;3094171;3299283;3243977
1695036354.814470;18649.7;2662.59;0;3290776;3092378;3260442;2952647;3309581;3116238;3123749;3014593;3213384;2927683;3124356;3215332
1695036355.813357;18691.7;2667.79;0;2996853;2756505;2758296;2725173;2899783;3077264;2836760;2700330;2950662;2631551;2892648;3036097
1695036356.812641;18736.1;2673.08;0;3211624;2973954;3233069;2967671;3217236;3268455;3267959;2821823;3241309;2775408;3129943;3241564
1695036357.811570;18783.4;2678.39;0;3304399;3152636;3260563;2939807;3405867;3265509;3260444;3062696;3435875;2911043;3622658;3147549
1695036358.810786;18826.9;2683.59;0;2994067;2811733;2949448;2845343;2938711;2971336;3097266;2851909;3098149;2864711;2938632;2781975
1695036359.809645;18872;2688.91;0;3167088;2966789;3324122;2863252;3068030;3175884;3221088;2733332;3346382;2901077;3131235;2995313
1695036360.808757;18919.3;2694.2;0;3268516;3082688;3498527;3063585;3339823;3442029;3392367;2850404;3269645;3009581;3199939;3435850
1695036361.807915;18970.1;2699.53;0;3496061;3217879;3530263;3188443;3704764;3674672;3502228;3184261;3584292;3276859;3559932;3494637
1695036362.806922;19014.3;2704.85;0;2956943;2786624;3138166;2923579;3196904;3309616;2895297;2724767;2993036;2851036;2985118;3122806
1695036363.805938;19056;2710.02;0;2681284;2542973;2678558;2724602;2940214;2877911;2717848;2496025;2731473;2707917;2644819;2643134
1695036364.805228;19107.2;2715.4;0;3531957;3112976;3382164;3263808;3545239;3619287;3541237;3074302;3461741;3222245;3506070;3441534
1695036365.804322;19176.2;2720.85;0;3787319;3776748;3795694;3391904;3784285;3792740;3790351;3750316;3794054;3382112;3774600;3791488
1695036366.803199;19256.5;2726.27;0;3799974;3799995;3799982;3778369;3800002;3799997;3799960;3799993;3799985;3795766;3799995;3799990
1695036367.802401;19332.9;2731.66;0;3752931;3799982;3799980;3762272;3799994;3790325;3786265;3799968;3799985;3756276;3799995;3771560
1695036368.801325;19393.7;2737.06;0;3760450;3778479;3731878;3656302;3779628;3787722;3784766;3795813;3763345;3658986;3759590;3773980
1695036369.800392;19448;2742.44;0;3591168;3740196;3486829;3594251;3713384;3600865;3581583;3742323;3435187;3577668;3765005;3589570
1695036370.799567;19493.3;2747.67;0;3197724;3140270;3116268;3169225;3217188;3154402;3126153;3202920;3186555;3284372;3023446;3052044
1695036371.798539;19542.4;2752.98;0;3417945;3344817;3222860;3295892;3519880;3555804;3339407;3568820;3219805;3107198;3271475;3195481
1695036372.797573;19586.2;2758.26;0;3087245;3187926;3003867;2917572;3069440;3294847;3125354;2980938;3136929;2883236;3071889;3046117
1695036373.796656;19631.6;2763.49;0;3164713;3060517;3089539;2909491;3129719;3226920;3119361;2965857;3015392;3108003;3086577;2997186
1695036374.796063;19694.9;2768.93;0;3754005;3747037;3745736;3373773;3746375;3757316;3729207;3733870;3692095;3357251;3703526;3695887
1695036375.794804;19769.7;2774.36;0;3784216;3791323;3787748;3667088;3791332;3798127;3793931;3790177;3781363;3681703;3790815;3799618
1695036376.794023;19842.8;2779.79;0;3797678;3794668;3781871;3788651;3776674;3800001;3798442;3793870;3787465;3788590;3794770;3799986
1695036377.792939;19918.5;2785.2;0;3799956;3786550;3799964;3795535;3799998;3799996;3799929;3793112;3799982;3795426;3799989;3799993
1695036378.792032;19970.1;2790.55;0;3649013;3552163;3498525;3453475;3680853;3232955;3679716;3451199;3346785;3324810;3481291;3199172
1695036379.791505;20014.3;2795.82;0;3089939;3218284;3027152;2904477;3258097;2812863;3013352;3028896;3084369;3000012;3063148;2857761
1695036380.790444;20060.2;2801.13;0;3176351;3236928;3194259;3136445;3363632;2903911;3119490;3123001;3205157;3005382;3116349;2852286
1695036381.789496;20106.4;2806.45;0;3249198;3281033;3346145;3269110;3322779;3153867;3286213;3153410;3314284;3124893;3274310;2904350
1695036382.788345;20149.9;2811.67;0;2667422;2826786;2975207;2909224;3227859;2973238;2838077;2800030;2903034;2706424;2782625;2805098
1695036383.787577;20192.5;2816.92;0;2847023;3014326;2769962;2930790;3302490;3024905;2840384;2934841;2965706;2769669;3052282;2750050
1695036384.786568;20251.4;2822.33;0;3620818;3731802;3701391;3275800;3747761;3358050;3664353;3692436;3651530;3319246;3746187;3279921
1695036385.785780;20324.6;2827.78;0;3794060;3797363;3792855;3624272;3783362;3668232;3797488;3796713;3771147;3655829;3783476;3638414
1695036386.785143;20401.9;2833.21;0;3768466;3784199;3784527;3799998;3800000;3784198;3789443;3785031;3752942;3799994;3799997;3770550
1695036387.783750;20473.7;2838.66;0;3797456;3767508;3754820;3782691;3760085;3783751;3797419;3773679;3764831;3784925;3776056;3799043
1695036388.782887;20525.4;2844.02;0;3386288;3560257;3394535;3468211;3447275;3320287;3593594;3417201;3464362;3611361;3373162;3421850
1695036389.781901;20568.9;2849.26;0;3043095;2995081;2994990;3070968;3092029;3122654;3145833;2946304;3174045;3017847;2814795;2952409
1695036390.781444;20614.5;2854.55;0;3186272;3086329;2962870;3088715;3170308;3277092;3203790;3272743;3141685;3064750;2957163;3260622
1695036391.780132;20660.4;2859.81;0;3103030;3164259;3041202;3124128;3152732;3259457;3455747;2994799;3332565;3040090;2997203;3023274
1695036392.779863;20706;2865.12;0;3269708;3091723;3011237;3177886;3241303;3293025;3209322;3033590;3222556;3267651;3099881;3130135
1695036393.778245;20750.8;2870.41;0;3131139;3002019;2966266;3239253;3014021;3211778;3187386;2830560;3090147;3298263;3043980;3006859
1695036394.777442;20808.5;2875.81;0;3725881;3350269;3749413;3670708;3725404;3701711;3734978;3353241;3738668;3644447;3673509;3665174
1695036395.776504;20877.6;2881.27;0;3795461;3795561;3783436;3769873;3788235;3797898;3794217;3781522;3784359;3772888;3791355;3782257
1695036396.775625;20955.6;2886.68;0;3799969;3799998;3799980;3766118;3796240;3800000;3799984;3799995;3799981;3755356;3795995;3800001
1695036397.774593;21024.8;2892.09;0;3705405;3736215;3667932;3754667;3788670;3780334;3747915;3752860;3757699;3754627;3770436;3784462
1695036398.773585;21075.8;2897.48;0;3525216;3467643;3430474;3466975;3573087;3516055;3520564;3363245;3521773;3337134;3645739;3574341
1695036399.772670;21130.4;2902.87;0;3564867;3766414;3634715;3633291;3720956;3692704;3679428;3603538;3705732;3634709;3651165;3641899
1695036400.771867;21174.8;2908.15;0;2918650;3147282;2827493;2988886;3062918;3039465;3034518;2927935;3135822;2831923;3057840;2846384
1695036401.770969;21223;2913.47;0;3294097;3105756;3334290;3348548;3450133;3126635;3451722;3024719;3598013;3280215;3293319;3011654
1695036402.770072;21269;2918.7;0;3055298;2877886;3102484;3271839;3408067;2958847;3461725;2875672;3247855;3172499;3192636;2802876
1695036403.769394;21316.9;2924.03;0;3343080;3097081;3370443;3250322;3367017;2951356;3589507;3016057;3397277;3310582;3275980;2819757
1695036404.768322;21358.1;2929.23;0;2657926;2787570;3022804;2809410;2879692;2761337;2838009;2504110;2800084;2782862;2781713;2611341
1695036405.767406;21401.4;2934.44;0;2874124;2845191;3187731;2897900;3103414;3026721;2996458;2720281;2874589;2881593;2700794;2887474
1695036406.766323;21445.2;2939.71;0;3001425;2845600;3041753;2947463;2935585;2990041;3146287;2827733;3115058;2812958;2745367;2830414
1695036407.765759;21488.4;2944.96;0;3049669;2858812;2904528;3034374;3032523;3027439;3001226;2876888;2965806;3032720;3020457;2908372
1695036408.764479;21532.7;2950.24;0;3144347;2952534;2992070;3413337;3118415;3206202;3086369;3097014;3193988;3034802;2870804;2970373
1695036409.763500;21578.1;2955.47;0;3067823;3112744;2956654;3174591;3107580;3040954;2938018;3099694;3097436;3469821;3078440;2953339
1695036410.762585;21620.5;2960.69;0;3013866;2923240;2607814;3073921;2660938;2865891;2822854;2903047;2628803;2985253;2775213;2766557
1695036411.761788;21667.4;2965.96;0;3229058;3217622;2832270;3296330;3021372;3038890;2903532;3164223;3511907;3407305;2966939;2996663
1695036412.760931;21712.2;2971.24;0;2921265;3579329;2875217;3249781;3077239;2982112;2800604;3217660;2835024;2953749;3145133;2947698
1695036413.760020;21756;2976.49;0;2882706;3399149;2871448;2977222;3093174;3061838;2935240;2928677;2889175;2988787;2974622;2955591
1695036414.759594;21804.3;2981.85;0;3399057;3464628;3342984;3485927;3441742;3295552;3358753;3343084;3332235;3630047;3253277;3228141
1695036415.758317;21849.2;2987.08;0;3043459;3032527;2985782;3060009;3117079;2935475;2863040;3293052;2816247;2921400;3031750;3324968
1695036416.757186;21892.9;2992.32;0;2855190;2800129;2921715;2892920;3007177;2937206;2703196;2892935;2752434;2831072;2887401;3255195
1695036417.756195;21935.8;2997.59;0;2820436;3001537;3112085;2758700;2994328;2933071;2637112;2992624;2922989;2735394;2787376;2875704
1695036418.755571;21982.3;3002.88;0;3059795;3116922;3615522;2970314;3088578;3162291;2976001;3121165;3100147;3014956;3056255;3159165
1695036419.754353;22025.9;3008.13;0;3127416;2974688;2914490;2921484;3161765;2887940;2963188;3089748;2838620;2851315;2982484;3028910
1695036420.753489;22071.1;3013.39;0;3127998;3066063;2869627;3061027;3217299;3121371;3105412;3108571;2968380;3191784;2956846;3186847
1695036421.752558;22119.2;3018.69;0;3338748;3377293;3267970;3190200;3464969;3370023;3262497;3334223;3230377;3217334;3318736;3517128
1695036422.752228;22164.3;3023.97;0;2813773;2986301;2805801;3133800;2862867;2986779;2937477;3335585;2843685;2671681;2887576;3022345
1695036423.750717;22206.4;3029.19;0;2893864;3045413;2786937;2827377;2931366;2791241;2874769;2876151;3018952;2641669;2832781;2885672
1695036424.749686;22248.6;3034.41;0;2713409;2776946;2684596;2734942;2659382;2849705;2875479;2860759;2758030;2647944;2780778;2920123
1695036425.748881;22295.8;3039.72;0;3188000;3153947;3049166;3049719;3328044;3515773;3366533;3108688;3396692;2965430;3294779;3431762
1695036426.747927;22347;3045.1;0;3385154;3461255;3596155;3230514;3528614;3719235;3422244;3626675;3507535;3206984;3445260;3536912
1695036427.746853;22405.6;3050.49;0;3586448;3748069;3738997;3747860;3576668;3760169;3547811;3654423;3532575;3600931;3621600;3759094
1695036428.746427;22451.7;3055.67;0;3070779;3402077;3192809;3104470;3545769;3103898;2868681;2955425;2985411;3010164;2963082;3006277
1695036429.745824;22506.3;3061.05;0;3729818;3692587;3719464;3682726;3604026;3598785;3489049;3739550;3601236;3578491;3487488;3552972
1695036430.744125;22557.3;3066.43;0;3362924;3511575;3684835;3488942;3606956;3487573;3325773;3401044;3433472;3412265;3726858;3455767
1695036431.743431;22599.3;3071.64;0;2731347;2828584;2700153;2956693;2895916;2626410;2542815;2786580;2641271;2774775;2801362;2752878
1695036432.742761;22641.7;3076.83;0;2589534;2818512;2589885;2844926;2854333;3242497;2477946;2650981;2531506;2855852;2807819;2709721
1695036433.742103;22682.9;3082;0;2509303;2643348;2890065;2887637;2785108;2814569;2592059;2587974;2728610;2852621;2817047;2705917
1695036434.740508;22724;3087.17;0;2673175;2382567;2747242;2538642;2703738;2493137;2493371;2376834;2924015;2539007;2476052;2601272
1695036435.739597;22766.6;3092.38;0;2792446;2669272;2884560;3121446;2817577;3102868;2772016;2490966;2798663;2589479;2785556;2723520
1695036436.738721;22813.5;3097.63;0;3007050;3049530;3478670;3563970;3034131;3082536;2942508;3028658;3318665;3078386;3035170;2902983
1695036437.737665;22865.8;3102.95;0;3489588;3361882;3446900;3672788;3437677;3704311;3427439;3375875;3699053;3425305;3457966;3678976
1695036438.736750;22913.7;3108.25;0;3286574;3605328;3259598;3308610;3329302;3665235;3272112;3360243;3214567;3212541;3143818;3274790
1695036439.735824;22955.4;3113.48;0;2729398;2906732;2696566;2960204;2741047;3063789;2700154;2644382;2738932;2716100;2702540;2593256
1695036440.734990;22996.5;3118.65;0;2711937;2877035;2759912;2692377;2736465;2828756;2571656;2565179;2628868;2626083;2597639;2584182
1695036441.735449;23026.6;3123.05;0;1996152;2271005;2526193;2578779;2639775;2168245;2263726;2117642;2508539;2164828;2745860;2677293
1695036442.734403;23041.9;3126.32;0;1200071;1206041;1200131;1200174;1200427;2316582;1200113;1210074;1200152;1369225;1200075;1272583
1695036443.733675;23057;3129.53;0;1229048;1200416;1200132;1200167;1200974;2059670;1200192;1213448;1201096;1200112;1209698;1237063
1695036444.732962;23072.1;3132.74;0;1270881;1208340;1200867;1200155;1201349;1200285;1207747;1270518;1200095;1200083;1201766;1200066
1695036445.732116;23087.1;3135.97;0;1425111;1202302;1200076;1203650;1200925;1200385;1982015;1225201;1200408;1266892;1202873;1200054
1695036446.730952;23102.4;3139.23;0;1200080;1210062;1200070;1442558;1203146;1838140;1200244;1209442;1200366;1258850;1204467;1216585
1695036447.730214;23117.6;3142.49;0;1200078;1200674;1200060;1202074;1205004;1202596;1200309;1200250;1200637;1211701;1200107;1205030
1695036448.729502;23133;3145.77;0;1200076;1204846;1235876;1212521;1208602;1200077;1200225;1236473;1637443;1213586;1209250;1200066
1695036449.728736;23148.3;3149.07;0;1200384;1200368;1210886;1262271;1200269;1361282;1200770;1223241;1200689;1741074;1200902;1200444
1695036450.727935;23163.4;3152.3;0;1378621;1210741;1201493;1528892;1215668;1200399;1200364;1238074;1200156;1210032;1211373;1200051
1695036451.727146;23178.6;3155.53;0;1336553;1206774;1200077;1202772;1215315;1200430;1201574;1245441;1200138;1205554;1211177;1200060
1695036452.726395;23193.8;3158.8;0;1284001;1200849;1200048;1200080;1200347;1206317;1378058;1221949;1209195;1218935;1200164;1201099
1695036453.725296;23209;3162.03;0;1496763;1214680;1200228;1642031;1200521;1200129;1201013;1228001;1200550;1215589;1200070;1200095
1695036454.724586;23224.1;3165.25;0;1200061;1253301;1230423;1284055;1200587;1200109;1200302;1249534;1741794;1200348;1200069;1200124
1695036455.723723;23239.2;3168.46;0;1200060;1207189;1200089;1263980;1200332;1200099;1200412;1219803;1201424;1421886;1200069;1200105
1695036456.722907;23254.5;3171.73;0;1337064;1204059;1202129;1200074;1200295;1200103;1202941;1219475;1855208;1200135;1200077;1200102
1695036457.722053;23269.7;3174.96;0;1200195;1205870;1629692;1209060;1200419;1200202;1200081;1209874;1200255;1213319;1200329;1200067
1695036458.721182;23284.9;3178.23;0;1200179;1204194;1301502;1200976;1200284;1200269;1200071;1238680;1312324;1200953;1200069;1200066
1695036459.720476;23300.1;3181.46;0;1200248;1222575;1783301;1264253;1200301;1200335;1200085;1290872;1230264;1928991;1200074;1200062
1695036460.719604;23315.4;3184.71;0;1200239;1213435;1548085;1613078;1200171;1200290;1200092;1217103;1207152;1227167;1200088;1200068
1695036461.718805;23330.5;3187.94;0;1200221;1223242;1200505;1207424;1235780;1200264;1200102;1225729;1205269;1211889;1206773;1200068
1695036462.717933;23345.7;3191.21;0;1200231;1203047;1200070;1200044;1200180;1200132;1200085;1200157;2112826;1200119;1201008;1200085
1695036463.716991;23360.8;3194.41;0;1200169;1200699;1205139;1200812;1200273;1200510;1255047;1200763;1373315;1200201;1200069;1200117
1695036464.716363;23376.1;3197.7;0;1200067;1200063;1202171;1325222;1226315;1210850;1200071;1319527;1221584;1689495;1201450;1214214
1695036465.715416;23391.3;3200.93;0;1671009;1200202;1200540;1212277;1415266;1200085;1212518;1200065;1217913;1200735;1215823;1200103
1695036466.714566;23406.4;3204.17;0;1201373;1200121;1231330;1384856;1200293;1200098;1204611;1200090;1223396;1217530;1200094;1200180
1695036467.713826;23421.5;3207.38;0;1200116;1200282;1200367;1593097;1296436;1200117;1200080;1263308;1231468;1230251;1223740;1200164
1695036468.713055;23436.6;3210.61;0;1202726;1200101;1210942;1212087;1200183;1200174;1209846;1200095;1248528;1221742;1200104;1200105
1695036469.712139;23451.7;3213.86;0;1200163;1200347;1200188;1906472;1200075;1200232;1200074;1200093;1223425;1200390;1200295;1200096
1695036470.711379;23466.9;3217.13;0;1200512;1220682;1200091;1464653;1200079;1200440;1202864;1247899;1210789;1233250;1200436;1200070
1695036471.710594;23481.9;3220.36;0;1209785;1200126;1200956;1311384;1217083;2112864;1211687;1200125;1218826;1212064;1210414;1200882
1695036472.709738;23497;3223.6;0;1202190;1200113;1205862;1211747;1200067;1201582;1200135;1200105;1223573;1218333;1200258;1201063
1695036473.708984;23512.1;3226.82;0;1216991;1200106;1211758;1586818;1200074;1578153;1210808;1200099;1211126;1206284;1200148;1360281
1695036474.708151;23527.3;3230.09;0;1200320;1202082;1208393;1204474;1201307;1208501;1200365;1200646;1233310;1312396;1202742;1698500
1695036475.707222;23542.4;3233.33;0;1200615;1200123;1216423;1233663;1200152;1208052;1200119;1200136;1219818;1292793;1200656;1200858
1695036476.706397;23557.6;3236.6;0;1200117;1200137;1229289;1631494;1200072;1209483;1200116;1200143;1219146;1209118;1200267;1355049
1695036477.705514;23572.6;3239.85;0;1200111;1200113;1217139;1585091;1200072;1200184;1200103;1200162;1211912;1201938;1200303;1200169
1695036478.704663;23587.7;3243.11;0;1200111;1200091;1229562;1209588;1449716;1200188;1200074;1200301;1220299;1200568;1212917;1646406
1695036479.703719;23602.8;3246.33;0;1200184;1200314;1213374;1200067;1428774;1200169;1200059;1200173;1241348;1200569;1283486;1200056
1695036480.702917;23618;3249.59;0;1200096;1200125;1215011;1552076;1200090;1382992;1200069;1200173;1227227;1215376;1200232;1200353
1695036481.702113;23633;3252.78;0;1200075;1200101;1240732;1204283;1200070;1806615;1200122;1200226;1231642;1209917;1200262;1200349
1695036482.701218;23648.1;3256.03;0;1200058;1200112;1257916;1200204;1200126;1200656;1200183;1200185;1234928;1200317;1200138;1200353
1695036483.700486;23663.1;3259.3;0;1200062;1209542;1204308;1201090;1200183;2016242;1200208;1340655;1201101;1217362;1200106;1240780
1695036484.699682;23678.2;3262.53;0;1200056;1200251;1200069;1212286;1200209;1235175;1200281;1610993;1200358;1213051;1200082;1209066
1695036485.698743;23693.3;3265.77;0;1200124;1200080;1200361;1203632;1207508;1382327;1210432;1202849;1200252;1205252;1200570;1200158
1695036486.697970;23708.4;3269;0;1200073;1207810;1204916;1200127;1200281;1829637;1200306;1412248;1200166;1209697;1200074;1940315
1695036487.697143;23723.5;3272.27;0;1200076;1200082;1451310;1219080;1200187;1222093;1200307;1200218;1222426;1256943;1200085;1471897
1695036488.696434;23738.6;3275.52;0;1200067;1200086;1232541;1200056;1201267;1257428;1206739;1200147;1404507;1205871;1200190;1215589
1695036489.695515;23753.6;3278.74;0;1200071;1200086;1248825;1200851;1200140;1463854;1200315;1200155;1877635;1228093;1200113;1200067
1695036490.694833;23768.9;3282.01;0;1200048;1200098;1209924;1200761;1855162;1200093;1200173;1200051;1271075;1227928;1220897;1215490
1695036491.694008;23783.9;3285.23;0;1214258;1200137;1200862;1200065;1200274;1200109;1619611;1320653;1200066;1213043;1200079;1200118
